player,player_id,team_id,stint,start,end,rp_eligible,round_id,pick_id,team_from,teams_involved,trade_id,transaction_type,n_points,n_games,w_bat,w_sp,w_rp,ppg
Aaron Judge,33192,13,0,1,157,FALSE,1,2,NA,NA,NA,Draft,202,59,1,0,0,3.4237288135593222
Aaron Nola,33709,13,0,1,157,FALSE,14,167,NA,NA,NA,Draft,246.5,24,0,1,0,10.270833333333334
Abner Uribe,4917865,9,0,1,30,TRUE,22,253,NA,NA,NA,Draft,30.5,11,0,0,1,2.772727272727273
Addison Barger,4997589,12,0,1,10,FALSE,19,219,NA,NA,NA,Draft,1,4,1,0,0,0.25
Adley Rutschman,42178,13,0,1,157,FALSE,13,146,NA,NA,NA,Draft,191,77,1,0,0,2.4805194805194803
Adolis Garcia,35537,7,0,1,19,FALSE,19,227,NA,NA,NA,Draft,24,15,1,0,0,1.6
Agustin Ramirez,5132014,7,0,1,63,FALSE,15,179,NA,NA,NA,Draft,61,31,1,0,0,1.967741935483871
Alec Bohm,41169,13,0,1,20,FALSE,NA,NA,NA,NA,NA,Free Agent,23.5,8,1,0,0,2.9375
Alec Burleson,4345070,13,0,1,157,FALSE,12,143,NA,NA,NA,Draft,408.5,133,1,0,0,3.0714285714285716
Alejandro Kirk,42081,8,0,1,70,FALSE,22,255,NA,NA,NA,Draft,0,0,1,0,0,0
Alex Bregman,34886,1,0,1,157,FALSE,6,64,NA,NA,NA,Draft,369.5,132,1,0,0,2.7992424242424243
Andres Munoz,40939,14,0,1,42,TRUE,17,198,NA,NA,NA,Draft,46.5,15,0,0,1,3.1
Andrew Abbott,4414528,11,0,1,31,FALSE,12,138,NA,NA,NA,Draft,34,4,0,1,0,8.5
Andrew Painter,4872683,14,0,1,31,FALSE,25,289,NA,NA,NA,Draft,10.5,3,0,1,0,3.5
Andrew Vaughn,42394,2,0,1,4,FALSE,19,224,NA,NA,NA,Draft,2,1,1,0,0,2
Andy Pages,42468,5,0,1,152,FALSE,13,149,NA,NA,NA,Draft,380,127,1,0,0,2.9921259842519685
Aroldis Chapman,30442,1,0,1,157,TRUE,17,201,NA,NA,NA,Draft,216.5,46,0,0,1,4.706521739130435
Austin Riley,34982,6,0,1,29,FALSE,7,73,NA,NA,NA,Draft,61.5,25,1,0,0,2.46
Austin Wells,4683349,11,0,1,17,FALSE,23,271,NA,NA,NA,Draft,5,11,1,0,0,0.45454545454545453
Ben Rice,5016968,11,0,1,157,FALSE,8,90,NA,NA,NA,Draft,412.5,129,1,0,0,3.197674418604651
Blake Snell,33748,14,0,1,157,FALSE,9,102,NA,NA,NA,Draft,47.5,2,0,1,0,23.75
Bo Bichette,38904,9,0,1,157,FALSE,6,61,NA,NA,NA,Draft,300,133,1,0,0,2.255639097744361
Bobby Witt Jr.,42403,5,0,1,157,FALSE,1,5,NA,NA,NA,Draft,364.5,117,1,0,0,3.1153846153846154
Brady Singer,41172,7,0,1,10,FALSE,21,251,NA,NA,NA,Draft,13.5,2,0,1,0,6.75
Brandon Lowe,39961,7,0,1,157,FALSE,14,158,NA,NA,NA,Draft,344,123,1,0,0,2.796747967479675
Brandon Nimmo,32159,13,0,1,157,FALSE,11,122,NA,NA,NA,Draft,289,128,1,0,0,2.2578125
Brandon Woodruff,37515,2,0,1,75,FALSE,8,89,NA,NA,NA,Draft,73,6,0,1,0,12.166666666666666
Brayan Bello,4720856,14,0,1,7,FALSE,NA,NA,NA,NA,NA,Free Agent,-3.5,1,0,1,0,-3.5
Brendan Donovan,41773,2,0,1,54,FALSE,13,152,NA,NA,NA,Draft,58,24,1,0,0,2.4166666666666665
Brent Rooker,40926,12,0,1,97,FALSE,4,46,NA,NA,NA,Draft,107,48,1,0,0,2.2291666666666665
Brenton Doyle,42462,8,0,1,58,FALSE,16,183,NA,NA,NA,Draft,48,37,1,0,0,1.2972972972972974
Brice Turang,41179,5,0,1,157,FALSE,6,68,NA,NA,NA,Draft,372.5,122,1,0,0,3.05327868852459
Bryan Abreu,41208,12,0,1,5,TRUE,21,243,NA,NA,NA,Draft,-2,1,0,0,1,-2
Bryan Reynolds,38980,9,0,1,157,FALSE,10,109,NA,NA,NA,Draft,382.5,136,1,0,0,2.8125
Bryan Woo,4629089,9,0,1,157,FALSE,2,13,NA,NA,NA,Draft,327.5,22,0,1,0,14.886363636363637
Bryce Harper,30951,4,0,1,29,FALSE,4,45,NA,NA,NA,Draft,71,24,1,0,0,2.9583333333333335
Bryce Miller,4654313,4,0,1,18,FALSE,24,285,NA,NA,NA,Draft,0,0,NA,NA,NA,0
Bryson Stott,42417,5,0,1,26,FALSE,17,197,NA,NA,NA,Draft,18.5,15,1,0,0,1.2333333333333334
Bubba Chandler,4683325,8,0,1,70,FALSE,13,154,NA,NA,NA,Draft,97,12,0,1,0,8.083333333333334
Byron Buxton,32655,6,0,1,157,FALSE,9,97,NA,NA,NA,Draft,287,93,1,0,0,3.086021505376344
CJ Abrams,42402,11,0,1,157,FALSE,10,114,NA,NA,NA,Draft,413,129,1,0,0,3.201550387596899
Cade Cavalli,4308037,9,0,1,11,FALSE,NA,NA,NA,NA,NA,Free Agent,24,2,0,1,0,12
Cade Horton,4692526,4,0,1,13,FALSE,16,189,NA,NA,NA,Draft,22,2,0,1,0,11
Cade Smith,4987924,5,0,1,157,TRUE,8,92,NA,NA,NA,Draft,267.5,57,0,0,1,4.692982456140351
Cal Raleigh,41292,6,0,1,148,FALSE,2,24,NA,NA,NA,Draft,154.5,93,1,0,0,1.6612903225806452
Caleb Durbin,5007615,5,0,1,26,FALSE,19,221,NA,NA,NA,Draft,21.5,15,1,0,0,1.4333333333333333
Cam Schlittler,5134581,11,0,1,157,FALSE,9,103,NA,NA,NA,Draft,534.5,27,0,1,0,19.796296296296298
Camilo Doval,41337,2,0,1,8,TRUE,24,281,NA,NA,NA,Draft,8,4,0,0,1,2
Carlos Correa,32653,14,0,1,42,FALSE,18,211,NA,NA,NA,Draft,90,32,1,0,0,2.8125
Carlos Estevez,34861,7,0,1,7,TRUE,23,275,NA,NA,NA,Draft,-18,1,0,0,1,-18
Carlos Rodon,33696,1,0,1,157,FALSE,16,184,NA,NA,NA,Draft,97,7,0,1,0,13.857142857142858
Carson Benge,4925604,4,0,1,10,FALSE,NA,NA,NA,NA,NA,Free Agent,10.5,6,1,0,0,1.75
Carter Jensen,4917812,9,0,1,23,FALSE,17,204,NA,NA,NA,Draft,28.5,15,1,0,0,1.9
Casey Mize,41167,5,0,1,157,FALSE,22,260,NA,NA,NA,Draft,210.5,17,0,1,0,12.382352941176471
Ceddanne Rafaela,4987382,1,0,1,157,FALSE,13,153,NA,NA,NA,Draft,320,121,1,0,0,2.644628099173554
Cedric Mullins,35578,1,0,1,5,FALSE,19,225,NA,NA,NA,Draft,2.5,3,1,0,0,0.8333333333333334
Chandler Simpson,4679983,5,0,1,157,FALSE,18,212,NA,NA,NA,Draft,239,103,1,0,0,2.320388349514563
Chase Burns,4927516,1,0,1,157,FALSE,8,88,NA,NA,NA,Draft,414.5,25,0,1,0,16.58
Chase DeLauter,4619649,4,0,1,97,FALSE,18,213,NA,NA,NA,Draft,170,67,1,0,0,2.537313432835821
Chris Sale,30948,13,0,1,157,FALSE,2,23,NA,NA,NA,Draft,502,24,0,1,0,20.916666666666668
Christian Walker,32758,7,0,1,157,FALSE,13,155,NA,NA,NA,Draft,321.5,129,1,0,0,2.492248062015504
Christian Yelich,31283,7,0,1,157,FALSE,12,134,NA,NA,NA,Draft,222,90,1,0,0,2.466666666666667
Clay Holmes,32827,13,0,1,6,FALSE,NA,NA,NA,NA,NA,Free Agent,11.5,1,0,1,0,11.5
Cody Bellinger,33912,14,0,1,126,FALSE,6,67,NA,NA,NA,Draft,288.5,102,1,0,0,2.8284313725490198
Cody Ponce,34999,2,0,1,6,FALSE,18,209,NA,NA,NA,Draft,5,1,0,1,0,5
Cole Ragans,41054,13,0,1,100,FALSE,3,26,NA,NA,NA,Draft,89.5,8,0,1,0,11.1875
Colson Montgomery,4872685,8,0,1,157,FALSE,23,274,NA,NA,NA,Draft,256.5,120,1,0,0,2.1375
Colton Cowser,4416990,14,0,1,7,FALSE,25,294,NA,NA,NA,Draft,8.5,4,1,0,0,2.125
Connelly Early,4863321,4,0,1,83,FALSE,NA,NA,NA,NA,NA,Free Agent,135,11,0,1,0,12.272727272727273
Corbin Carroll,42404,2,0,1,157,FALSE,2,17,NA,NA,NA,Draft,396.5,131,1,0,0,3.0267175572519083
Corey Seager,32691,2,0,1,127,FALSE,5,56,NA,NA,NA,Draft,115.5,50,1,0,0,2.31
Cristopher Sanchez,42359,5,0,1,157,FALSE,2,20,NA,NA,NA,Draft,510.5,27,0,1,0,18.90740740740741
Daniel Palencia,4875225,1,0,1,24,TRUE,22,256,NA,NA,NA,Draft,19,5,0,0,1,3.8
Dansby Swanson,34895,7,0,1,157,FALSE,16,182,NA,NA,NA,Draft,293,110,1,0,0,2.6636363636363636
Daulton Varsho,40963,2,0,1,80,FALSE,14,161,NA,NA,NA,Draft,139,61,1,0,0,2.278688524590164
David Bednar,38303,9,0,1,157,TRUE,11,132,NA,NA,NA,Draft,241.5,53,0,0,1,4.556603773584905
Daylen Lile,4917889,9,0,1,20,FALSE,16,181,NA,NA,NA,Draft,35,16,1,0,0,2.1875
Dennis Santana,39801,8,0,1,75,TRUE,24,279,NA,NA,NA,Draft,42.5,28,0,0,1,1.5178571428571428
Devin Williams,33224,8,0,1,157,TRUE,20,231,NA,NA,NA,Draft,115,42,0,0,1,2.738095238095238
Drake Baldwin,4810190,1,0,1,157,FALSE,14,160,NA,NA,NA,Draft,321,111,1,0,0,2.891891891891892
Drew Rasmussen,42584,5,0,1,157,FALSE,12,140,NA,NA,NA,Draft,391.5,24,0,1,0,16.3125
Dustin May,40937,2,0,1,11,FALSE,21,248,NA,NA,NA,Draft,-7,1,0,1,0,-7
Dylan Cease,34943,1,0,1,157,FALSE,5,57,NA,NA,NA,Draft,487,23,0,1,0,21.17391304347826
Dylan Crews,4719511,5,0,1,6,FALSE,15,173,NA,NA,NA,Draft,0,0,NA,NA,NA,0
Edward Cabrera,40944,9,0,1,58,FALSE,14,157,NA,NA,NA,Draft,100,7,0,1,0,14.285714285714286
Edwin Diaz,35394,8,0,1,70,TRUE,10,111,NA,NA,NA,Draft,11.5,7,0,0,1,1.6428571428571428
Elly De La Cruz,4917694,8,0,1,157,FALSE,2,15,NA,NA,NA,Draft,340,115,1,0,0,2.9565217391304346
Emilio Pagan,33403,12,0,1,34,TRUE,22,262,NA,NA,NA,Draft,35.5,12,0,0,1,2.9583333333333335
Emmet Sheehan,4417806,5,0,1,26,FALSE,10,116,NA,NA,NA,Draft,13.5,3,0,1,0,4.5
Ernie Clement,41287,12,0,1,14,FALSE,17,195,NA,NA,NA,Draft,20,11,1,0,0,1.8181818181818181
Eugenio Suarez,32367,6,0,1,157,FALSE,8,96,NA,NA,NA,Draft,188.5,98,1,0,0,1.9234693877551021
Eury Perez,4917854,8,0,1,157,FALSE,8,87,NA,NA,NA,Draft,359.5,22,0,1,0,16.34090909090909
Evan Carter,4917921,5,0,1,40,FALSE,25,293,NA,NA,NA,Draft,59.5,34,1,0,0,1.75
Ezequiel Tovar,4905919,13,0,1,33,FALSE,18,215,NA,NA,NA,Draft,32,27,1,0,0,1.1851851851851851
Fernando Tatis Jr.,35983,7,0,1,157,FALSE,2,14,NA,NA,NA,Draft,382.5,133,1,0,0,2.8759398496240602
Framber Valdez,36581,12,0,1,26,FALSE,5,51,NA,NA,NA,Draft,75.5,5,0,1,0,15.1
Francisco Lindor,32129,4,0,1,157,FALSE,3,28,NA,NA,NA,Draft,193,77,1,0,0,2.5064935064935066
Freddie Freeman,30193,13,0,1,157,FALSE,4,47,NA,NA,NA,Draft,354.5,130,1,0,0,2.726923076923077
Freddy Peralta,39825,5,0,1,124,FALSE,5,53,NA,NA,NA,Draft,140,16,0,1,0,8.75
Garrett Cleavinger,36429,4,0,1,8,TRUE,25,291,NA,NA,NA,Draft,5,3,0,0,1,1.6666666666666667
Garrett Crochet,4297835,8,0,1,157,FALSE,1,10,NA,NA,NA,Draft,58.5,6,0,1,0,9.75
Garrett Whitlock,39674,7,0,1,10,TRUE,24,278,NA,NA,NA,Draft,12,3,0,0,1,4
Gavin Williams,4345076,6,0,1,157,FALSE,10,120,NA,NA,NA,Draft,428,27,0,1,0,15.851851851851851
George Kirby,42406,11,0,1,86,FALSE,5,55,NA,NA,NA,Draft,204.5,15,0,1,0,13.633333333333333
George Springer,32078,2,0,1,157,FALSE,6,65,NA,NA,NA,Draft,243.5,100,1,0,0,2.435
Geraldo Perdomo,41355,7,0,1,157,FALSE,6,62,NA,NA,NA,Draft,292,117,1,0,0,2.4957264957264957
Gerrit Cole,32081,13,0,1,157,FALSE,16,191,NA,NA,NA,Draft,289.5,17,0,1,0,17.029411764705884
Giancarlo Stanton,30583,1,0,1,35,FALSE,18,208,NA,NA,NA,Draft,50.5,24,1,0,0,2.1041666666666665
Gleyber Torres,33804,13,0,1,157,FALSE,10,119,NA,NA,NA,Draft,192,75,1,0,0,2.56
Grayson Rodriguez,41196,6,0,1,8,FALSE,17,193,NA,NA,NA,Draft,0,0,NA,NA,NA,0
Griffin Jax,42604,1,0,1,32,TRUE,20,232,NA,NA,NA,Draft,7,11,0,0,1,0.6363636363636364
Gunnar Henderson,42507,14,0,1,157,FALSE,2,19,NA,NA,NA,Draft,318,133,1,0,0,2.3909774436090228
Harrison Bader,35062,11,0,1,4,FALSE,NA,NA,NA,NA,NA,Free Agent,-1.5,2,1,0,0,-0.75
Heliot Ramos,39642,7,0,1,18,FALSE,18,206,NA,NA,NA,Draft,17.5,14,1,0,0,1.25
Hunter Brown,4717803,7,0,1,157,FALSE,3,35,NA,NA,NA,Draft,154.5,13,0,1,0,11.884615384615385
Hunter Goodman,4416591,8,0,1,157,FALSE,9,106,NA,NA,NA,Draft,328,115,1,0,0,2.8521739130434782
Hunter Greene,39635,2,0,1,134,FALSE,16,185,NA,NA,NA,Draft,50,5,0,1,0,10
Ian Happ,34945,7,0,1,157,FALSE,9,107,NA,NA,NA,Draft,326,131,1,0,0,2.4885496183206106
Isaac Paredes,39706,6,0,1,157,FALSE,12,144,NA,NA,NA,Draft,330,124,1,0,0,2.661290322580645
Ivan Herrera,41889,9,0,1,157,FALSE,20,229,NA,NA,NA,Draft,342.5,135,1,0,0,2.537037037037037
JJ Wetherholt,4941056,9,0,1,157,FALSE,18,205,NA,NA,NA,Draft,343,128,1,0,0,2.6796875
Jac Caglianone,4926296,6,0,1,29,FALSE,15,169,NA,NA,NA,Draft,25,16,1,0,0,1.5625
Jack Flaherty,33837,14,0,1,14,FALSE,14,163,NA,NA,NA,Draft,6.5,2,0,1,0,3.25
Jack Leiter,4622181,8,0,1,30,FALSE,18,207,NA,NA,NA,Draft,50,5,0,1,0,10
Jackson Chourio,4917869,5,0,1,157,FALSE,3,29,NA,NA,NA,Draft,312.5,100,1,0,0,3.125
Jackson Holliday,5080633,6,0,1,35,FALSE,14,168,NA,NA,NA,Draft,0,0,NA,NA,NA,0
Jackson Merrill,4872691,6,0,1,157,FALSE,4,48,NA,NA,NA,Draft,336.5,131,1,0,0,2.568702290076336
Jacob Misiorowski,5080761,8,0,1,157,FALSE,11,130,NA,NA,NA,Draft,571.5,23,0,1,0,24.847826086956523
Jacob Wilson,4719300,6,0,1,54,FALSE,11,121,NA,NA,NA,Draft,95,39,1,0,0,2.4358974358974357
Jacob deGrom,32796,13,0,1,157,FALSE,5,50,NA,NA,NA,Draft,336,25,0,1,0,13.44
Jake Burger,39882,9,0,1,18,FALSE,24,277,NA,NA,NA,Draft,23.5,12,1,0,0,1.9583333333333333
Jake Cronenworth,36364,12,0,1,4,FALSE,20,238,NA,NA,NA,Draft,4.5,3,1,0,0,1.5
Jakob Marsee,4866735,8,0,1,157,FALSE,15,178,NA,NA,NA,Draft,262.5,126,1,0,0,2.0833333333333335
James Wood,4918256,8,0,1,157,FALSE,6,63,NA,NA,NA,Draft,438,114,1,0,0,3.8421052631578947
Jarren Duran,41610,12,0,1,130,FALSE,6,70,NA,NA,NA,Draft,215.5,95,1,0,0,2.268421052631579
Jazz Chisholm Jr.,41433,8,0,1,157,FALSE,3,34,NA,NA,NA,Draft,278.5,118,1,0,0,2.360169491525424
Jeff Hoffman,33841,2,0,1,49,TRUE,22,257,NA,NA,NA,Draft,47,19,0,0,1,2.473684210526316
Jeff McNeil,33900,14,0,1,11,FALSE,20,235,NA,NA,NA,Draft,2.5,7,1,0,0,0.35714285714285715
Jeremiah Estrada,41014,4,0,1,17,TRUE,23,268,NA,NA,NA,Draft,17,7,0,0,1,2.4285714285714284
Jeremy Pena,41273,4,0,1,157,FALSE,14,165,NA,NA,NA,Draft,247.5,83,1,0,0,2.9819277108433737
Jesus Luzardo,39667,9,0,1,157,FALSE,4,37,NA,NA,NA,Draft,488.5,27,0,1,0,18.09259259259259
Jhoan Duran,41109,14,0,1,157,TRUE,19,222,NA,NA,NA,Draft,223.5,50,0,0,1,4.47
Jo Adell,40854,9,0,1,18,FALSE,12,133,NA,NA,NA,Draft,27,15,1,0,0,1.8
Joe Musgrove,34848,14,0,1,94,FALSE,15,174,NA,NA,NA,Draft,0,0,NA,NA,NA,0
Joe Ryan,42450,8,0,1,157,FALSE,5,58,NA,NA,NA,Draft,323,23,0,1,0,14.043478260869565
Joey Cantillo,42488,1,0,1,38,TRUE,25,297,NA,NA,NA,Draft,52.5,5,0,1,0,10.5
Jonathan Aranda,40810,9,0,1,157,FALSE,15,180,NA,NA,NA,Draft,328.5,130,1,0,0,2.526923076923077
Jonathan India,41171,9,0,1,4,FALSE,NA,NA,NA,NA,NA,Free Agent,-0.5,2,1,0,0,-0.25
Jordan Lawlar,4872649,4,0,1,8,FALSE,22,261,NA,NA,NA,Draft,1,3,1,0,0,0.3333333333333333
Jordan Westburg,4298641,8,0,1,7,FALSE,25,298,NA,NA,NA,Draft,0,0,NA,NA,NA,0
Jorge Polanco,32525,13,0,1,35,FALSE,19,218,NA,NA,NA,Draft,4.5,4,1,0,0,1.125
Jose Altuve,31662,11,0,1,59,FALSE,3,31,NA,NA,NA,Draft,95.5,42,1,0,0,2.2738095238095237
Jose Caballero,42135,2,0,1,8,FALSE,25,296,NA,NA,NA,Draft,2,4,1,0,0,0.5
Jose Ferrer,5119607,11,0,1,24,TRUE,24,282,NA,NA,NA,Draft,10.5,10,0,0,1,1.05
Jose Ramirez,32801,11,0,1,157,FALSE,1,7,NA,NA,NA,Draft,286.5,97,1,0,0,2.9536082474226806
Jose Soriano,40973,6,0,1,92,FALSE,16,192,NA,NA,NA,Draft,242,17,0,1,0,14.235294117647058
Josh Hader,32760,5,0,1,69,TRUE,23,269,NA,NA,NA,Draft,0,0,NA,NA,NA,0
Josh Naylor,35066,8,0,1,157,FALSE,7,82,NA,NA,NA,Draft,259,118,1,0,0,2.194915254237288
Juan Soto,36969,4,0,1,157,FALSE,1,3,NA,NA,NA,Draft,298.5,84,1,0,0,3.5535714285714284
Julio Rodriguez,41044,6,0,1,63,FALSE,3,25,NA,NA,NA,Draft,142,56,1,0,0,2.5357142857142856
Jung Hoo Lee,5134621,11,0,1,13,FALSE,16,186,NA,NA,NA,Draft,14,10,1,0,0,1.4
Junior Caminero,4905921,11,0,1,157,FALSE,2,18,NA,NA,NA,Draft,408,132,1,0,0,3.090909090909091
Justin Steele,41022,9,0,1,29,FALSE,21,252,NA,NA,NA,Draft,0,0,NA,NA,NA,0
Kazuma Okamoto,5134636,2,0,1,157,FALSE,15,176,NA,NA,NA,Draft,260,122,1,0,0,2.1311475409836067
Kenley Jansen,29630,2,0,1,65,TRUE,23,272,NA,NA,NA,Draft,48.5,18,0,0,1,2.6944444444444446
Kerry Carpenter,42714,4,0,1,23,FALSE,17,196,NA,NA,NA,Draft,27.5,15,1,0,0,1.8333333333333333
Ketel Marte,32512,9,0,1,157,FALSE,1,12,NA,NA,NA,Draft,345,117,1,0,0,2.948717948717949
Kevin Gausman,32667,11,0,1,157,FALSE,6,66,NA,NA,NA,Draft,344.5,27,0,1,0,12.75925925925926
Kevin McGonigle,5149072,6,0,1,69,FALSE,21,241,NA,NA,NA,Draft,171.5,59,1,0,0,2.906779661016949
Kodai Senga,4142421,2,0,1,30,FALSE,17,200,NA,NA,NA,Draft,17,4,0,1,0,4.25
Konnor Griffin,5218285,7,0,1,110,FALSE,20,230,NA,NA,NA,Draft,141.5,55,1,0,0,2.5727272727272728
Kris Bubic,41201,6,0,1,47,FALSE,13,145,NA,NA,NA,Draft,127,8,0,1,0,15.875
Kyle Bradish,4311625,6,0,1,29,FALSE,6,72,NA,NA,NA,Draft,48,5,0,1,0,9.6
Kyle Manzardo,4917927,7,0,1,5,FALSE,22,254,NA,NA,NA,Draft,-2.5,3,1,0,0,-0.8333333333333334
Kyle Schwarber,33712,12,0,1,157,FALSE,2,22,NA,NA,NA,Draft,411,128,1,0,0,3.2109375
Kyle Stowers,42796,8,0,1,157,FALSE,12,135,NA,NA,NA,Draft,223,96,1,0,0,2.3229166666666665
Kyle Tucker,34967,2,0,1,157,FALSE,1,8,NA,NA,NA,Draft,312,125,1,0,0,2.496
Lawrence Butler,4917919,12,0,1,33,FALSE,15,171,NA,NA,NA,Draft,23,19,1,0,0,1.2105263157894737
Logan Gilbert,41221,9,0,1,63,FALSE,3,36,NA,NA,NA,Draft,118,10,0,1,0,11.8
Logan Webb,41216,12,0,1,157,FALSE,3,27,NA,NA,NA,Draft,374,24,0,1,0,15.583333333333334
Lourdes Gurriel Jr.,36040,11,0,1,24,FALSE,20,234,NA,NA,NA,Draft,0,0,NA,NA,NA,0
Luis Arraez,39572,12,0,1,86,FALSE,12,142,NA,NA,NA,Draft,211,70,1,0,0,3.0142857142857142
Luis Castillo,35124,12,0,1,65,FALSE,8,94,NA,NA,NA,Draft,51,9,0,0.9090909090909091,0.09090909090909094,5.666666666666667
Luis Garcia Jr.,40459,2,0,1,45,FALSE,20,233,NA,NA,NA,Draft,60.5,32,1,0,0,1.890625
Luis Robert Jr.,39631,14,0,1,157,FALSE,13,150,NA,NA,NA,Draft,118.5,55,1,0,0,2.1545454545454548
Luke Keaschall,4977664,4,0,1,74,FALSE,11,124,NA,NA,NA,Draft,120.5,59,1,0,0,2.042372881355932
MacKenzie Gore,39636,14,0,1,45,FALSE,11,126,NA,NA,NA,Draft,81,8,0,1,0,10.125
Maikel Garcia,4905884,9,0,1,150,FALSE,8,85,NA,NA,NA,Draft,158.5,70,1,0,0,2.2642857142857142
Manny Machado,31097,7,0,1,157,FALSE,4,38,NA,NA,NA,Draft,320.5,132,1,0,0,2.428030303030303
Marcell Ozuna,31668,11,0,1,9,FALSE,21,247,NA,NA,NA,Draft,3,5,1,0,0,0.6
Marcus Semien,32146,12,0,1,93,FALSE,9,99,NA,NA,NA,Draft,124,73,1,0,0,1.6986301369863013
Mason Miller,4730225,5,0,1,157,TRUE,4,44,NA,NA,NA,Draft,313.5,54,0,0,1,5.805555555555555
Masyn Winn,4683365,12,0,1,4,FALSE,23,267,NA,NA,NA,Draft,2.5,1,1,0,0,2.5
Matt Brash,4894467,4,0,1,19,TRUE,25,292,NA,NA,NA,Draft,17.5,6,0,0,1,2.9166666666666665
Matt Chapman,33857,2,0,1,52,FALSE,9,104,NA,NA,NA,Draft,61,41,1,0,0,1.4878048780487805
Matt McLain,4422899,8,0,1,115,FALSE,19,226,NA,NA,NA,Draft,103,52,1,0,0,1.9807692307692308
Matt Olson,32767,1,0,1,157,FALSE,4,40,NA,NA,NA,Draft,424,135,1,0,0,3.140740740740741
Matt Vierling,41636,13,0,1,3,FALSE,24,287,NA,NA,NA,Draft,0,1,1,0,0,0
Matthew Boyd,34401,2,0,1,48,FALSE,12,137,NA,NA,NA,Draft,49,5,0,1,0,9.8
Max Fried,32685,4,0,1,157,FALSE,5,52,NA,NA,NA,Draft,207.5,13,0,1,0,15.961538461538462
Max Meyer,4345164,6,0,1,5,FALSE,NA,NA,NA,NA,NA,Free Agent,8,1,0,1,0,8
Max Muncy,33303,12,0,1,157,FALSE,18,214,NA,NA,NA,Draft,320,118,1,0,0,2.711864406779661
Merrill Kelly,32968,12,0,1,28,FALSE,16,190,NA,NA,NA,Draft,-1.5,2,0,1,0,-0.75
Michael Busch,42415,4,0,1,157,FALSE,10,117,NA,NA,NA,Draft,336.5,132,1,0,0,2.5492424242424243
Michael Harris II,42470,1,0,1,157,FALSE,11,129,NA,NA,NA,Draft,341.5,125,1,0,0,2.732
Michael King,40429,14,0,1,148,FALSE,10,115,NA,NA,NA,Draft,371.5,25,0,1,0,14.86
Michael Wacha,32640,7,0,1,157,FALSE,NA,NA,NA,NA,NA,Free Agent,407,26,0,1,0,15.653846153846153
Mickey Moniak,36181,1,0,1,3,FALSE,21,249,NA,NA,NA,Draft,0,0,NA,NA,NA,0
Miguel Vargas,42453,6,0,1,4,FALSE,20,240,NA,NA,NA,Draft,-0.5,1,1,0,0,-0.5
Mike Burrows,4918155,1,0,1,15,FALSE,24,280,NA,NA,NA,Draft,17.5,3,0,1,0,5.833333333333333
Mike Trout,30836,2,0,1,157,FALSE,11,128,NA,NA,NA,Draft,340,115,1,0,0,2.9565217391304346
Mike Yastrzemski,33341,11,0,1,9,FALSE,19,223,NA,NA,NA,Draft,13.5,5,1,0,0,2.7
Mitch Keller,33722,7,0,1,84,FALSE,17,203,NA,NA,NA,Draft,124,13,0,1,0,9.538461538461538
Mookie Betts,33039,1,0,1,157,FALSE,3,33,NA,NA,NA,Draft,240.5,98,1,0,0,2.454081632653061
Munetaka Murakami,4872595,1,0,1,157,FALSE,15,177,NA,NA,NA,Draft,304.5,97,1,0,0,3.1391752577319587
Nathan Eovaldi,31174,4,0,1,157,FALSE,7,76,NA,NA,NA,Draft,288.5,21,0,1,0,13.738095238095237
Nick Kurtz,4966637,2,0,1,134,FALSE,3,32,NA,NA,NA,Draft,313.5,99,1,0,0,3.1666666666666665
Nick Lodolo,42433,1,0,1,109,FALSE,10,112,NA,NA,NA,Draft,53,9,0,1,0,5.888888888888889
Nick Martinez,33372,11,0,1,157,TRUE,22,258,NA,NA,NA,Draft,328,24,0,1,0,13.666666666666666
Nick Pivetta,36071,11,0,1,157,FALSE,7,79,NA,NA,NA,Draft,28,3,0,1,0,9.333333333333334
Nico Hoerner,41219,11,0,1,117,FALSE,4,42,NA,NA,NA,Draft,238,94,1,0,0,2.5319148936170213
Noah Cameron,4417208,4,0,1,1,FALSE,20,237,NA,NA,NA,Draft,0,0,NA,NA,NA,0
Noelvi Marte,41307,8,0,1,27,FALSE,14,159,NA,NA,NA,Draft,3,11,1,0,0,0.2727272727272727
Nolan Arenado,31261,13,0,1,157,FALSE,20,239,NA,NA,NA,Draft,266,105,1,0,0,2.533333333333333
Nolan McLean,4433874,4,0,1,157,FALSE,9,100,NA,NA,NA,Draft,441.5,26,0,1,0,16.98076923076923
Nolan Schanuel,4739755,6,0,1,43,FALSE,18,216,NA,NA,NA,Draft,48.5,24,1,0,0,2.0208333333333335
Oneil Cruz,39712,5,0,1,157,FALSE,11,125,NA,NA,NA,Draft,237,72,1,0,0,3.2916666666666665
Otto Lopez,41917,6,0,1,10,FALSE,19,217,NA,NA,NA,Draft,4,3,1,0,0,1.3333333333333333
Ozzie Albies,33783,6,0,1,132,FALSE,5,54,NA,NA,NA,Draft,314.5,112,1,0,0,2.8080357142857144
Paul Goldschmidt,31027,11,0,1,1,FALSE,NA,NA,NA,NA,NA,Free Agent,0,0,NA,NA,NA,0
Paul Skenes,4719507,6,0,1,157,FALSE,1,6,NA,NA,NA,Draft,374,26,0,1,0,14.384615384615385
Pete Alonso,37498,14,0,1,157,FALSE,3,30,NA,NA,NA,Draft,421.5,133,1,0,0,3.169172932330827
Pete Crow-Armstrong,4717833,8,0,1,157,FALSE,4,39,NA,NA,NA,Draft,493,135,1,0,0,3.651851851851852
Pete Fairbanks,42180,13,0,1,39,TRUE,23,266,NA,NA,NA,Draft,23.5,10,0,0.1,0.9,2.35
Rafael Devers,33859,7,0,1,157,FALSE,5,59,NA,NA,NA,Draft,368.5,134,1,0,0,2.75
Raisel Iglesias,33618,5,0,1,157,TRUE,21,245,NA,NA,NA,Draft,192.5,48,0,0,1,4.010416666666667
Ramon Laureano,35142,11,0,1,7,FALSE,18,210,NA,NA,NA,Draft,12,4,1,0,0,3
Randy Arozarena,36488,7,0,1,157,FALSE,8,86,NA,NA,NA,Draft,369,127,1,0,0,2.905511811023622
Ranger Suarez,39817,2,0,1,157,FALSE,10,113,NA,NA,NA,Draft,279.5,22,0,1,0,12.704545454545455
Riley Greene,42179,14,0,1,157,FALSE,7,78,NA,NA,NA,Draft,299,114,1,0,0,2.6228070175438596
Robbie Ray,32175,1,0,1,157,FALSE,12,136,NA,NA,NA,Draft,308.5,23,0,1,0,13.41304347826087
Robert Garcia,5125167,12,0,1,16,TRUE,24,286,NA,NA,NA,Draft,13,5,0,0,1,2.6
Robert Suarez,4148749,14,0,1,94,TRUE,23,270,NA,NA,NA,Draft,127.5,31,0,0,1,4.112903225806452
Roman Anthony,5080767,9,0,1,89,FALSE,5,60,NA,NA,NA,Draft,59.5,30,1,0,0,1.9833333333333334
Ronald Acuna Jr.,36185,1,0,1,157,FALSE,1,9,NA,NA,NA,Draft,220,81,1,0,0,2.7160493827160495
Royce Lewis,40635,5,0,1,41,FALSE,16,188,NA,NA,NA,Draft,37,21,1,0,0,1.7619047619047619
Ryan Helsley,39909,13,0,1,50,TRUE,22,263,NA,NA,NA,Draft,50,12,0,0,1,4.166666666666667
Ryan McMahon,33247,2,0,1,1,FALSE,NA,NA,NA,NA,NA,Free Agent,4,1,1,0,0,4
Ryan O'Hearn,35183,13,0,1,134,FALSE,21,242,NA,NA,NA,Draft,257,95,1,0,0,2.705263157894737
Ryan Pepiot,4208281,7,0,1,38,FALSE,7,83,NA,NA,NA,Draft,0,0,NA,NA,NA,0
Ryan Walker,5000950,6,0,1,18,TRUE,22,264,NA,NA,NA,Draft,14,5,0,0,1,2.8
Ryan Weathers,41178,4,0,1,29,FALSE,19,220,NA,NA,NA,Draft,79,5,0,1,0,15.8
Ryne Nelson,4916269,8,0,1,30,TRUE,21,250,NA,NA,NA,Draft,47,4,0,1,0,11.75
Sal Frelick,4417795,11,0,1,34,FALSE,15,175,NA,NA,NA,Draft,43.5,23,1,0,0,1.891304347826087
Sal Stewart,5080771,4,0,1,157,FALSE,13,148,NA,NA,NA,Draft,417.5,135,1,0,0,3.0925925925925926
Salvador Perez,31127,12,0,1,78,FALSE,11,123,NA,NA,NA,Draft,109.5,63,1,0,0,1.7380952380952381
Samuel Basallo,4917646,1,0,1,2,FALSE,NA,NA,NA,NA,NA,Free Agent,1.5,1,1,0,0,1.5
Sandy Alcantara,35241,14,0,1,148,FALSE,12,139,NA,NA,NA,Draft,444.5,27,0,1,0,16.462962962962962
Seiya Suzuki,4142424,9,0,1,63,FALSE,9,108,NA,NA,NA,Draft,94.5,37,1,0,0,2.554054054054054
Seth Lugo,34873,12,0,1,11,FALSE,NA,NA,NA,NA,NA,Free Agent,35,2,0,1,0,17.5
Shane Baz,39639,14,0,1,24,FALSE,16,187,NA,NA,NA,Draft,30,4,0,1,0,7.5
Shane McClanahan,41199,13,0,1,157,FALSE,9,98,NA,NA,NA,Draft,262.5,22,0,1,0,11.931818181818182
Shane Smith,5201814,5,0,1,12,FALSE,20,236,NA,NA,NA,Draft,-16,2,0,1,0,-8
Shea Langeliers,42598,5,0,1,124,FALSE,7,77,NA,NA,NA,Draft,276,93,1,0,0,2.967741935483871
Shohei Ohtani,39832,14,0,1,157,FALSE,1,1,NA,NA,NA,Draft,417.5,101,0.9272727272727272,0.07272727272727272,2.7755575615628914e-17,4.133663366336633
Shota Imanaga,5134630,5,0,1,157,FALSE,14,164,NA,NA,NA,Draft,324.5,24,0,1,0,13.520833333333334
Sonny Gray,32082,1,0,1,157,FALSE,7,81,NA,NA,NA,Draft,395.5,25,0,1,0,15.82
Spencer Steer,4722857,5,0,1,126,FALSE,24,284,NA,NA,NA,Draft,218,96,1,0,0,2.2708333333333335
Spencer Strider,4307825,9,0,1,81,FALSE,7,84,NA,NA,NA,Draft,54.5,7,0,1,0,7.785714285714286
Spencer Torkelson,4424286,11,0,1,13,FALSE,13,151,NA,NA,NA,Draft,6,6,1,0,0,1
Steven Kwan,41996,12,0,1,97,FALSE,7,75,NA,NA,NA,Draft,135.5,73,1,0,0,1.856164383561644
TJ Friedl,36020,13,0,1,60,FALSE,15,170,NA,NA,NA,Draft,60.5,42,1,0,0,1.4404761904761905
Tanner Bibee,4345278,7,0,1,157,FALSE,11,131,NA,NA,NA,Draft,281,20,0,1,0,14.05
Tanner Scott,35135,6,0,1,3,TRUE,24,288,NA,NA,NA,Draft,5,2,0,0,1,2.5
Tarik Skubal,42409,12,0,1,47,FALSE,1,4,NA,NA,NA,Draft,135.5,7,0,1,0,19.357142857142858
Tatsuya Imai,5330833,4,0,1,30,FALSE,12,141,NA,NA,NA,Draft,-10,2,0,1,0,-5
Taylor Ward,34923,4,0,1,69,FALSE,8,93,NA,NA,NA,Draft,153,59,1,0,0,2.593220338983051
Teoscar Hernandez,33377,12,0,1,157,FALSE,10,118,NA,NA,NA,Draft,194,94,1,0,0,2.0638297872340425
Trea Turner,33710,14,0,1,26,FALSE,4,43,NA,NA,NA,Draft,42.5,18,1,0,0,2.361111111111111
Trent Grisham,34995,11,0,1,157,FALSE,11,127,NA,NA,NA,Draft,303,112,1,0,0,2.705357142857143
Trevor Megill,40080,6,0,1,33,TRUE,23,265,NA,NA,NA,Draft,28,11,0,0,1,2.5454545454545454
Trevor Rogers,39640,9,0,1,29,FALSE,13,156,NA,NA,NA,Draft,64.5,5,0,1,0,12.9
Trevor Story,32150,11,0,1,11,FALSE,14,162,NA,NA,NA,Draft,0,7,1,0,0,0
Trey Yesavage,4949041,12,0,1,133,FALSE,13,147,NA,NA,NA,Draft,206.5,16,0,1,0,12.90625
Tyler Glasnow,33190,2,0,1,117,FALSE,7,80,NA,NA,NA,Draft,138.5,7,0,1,0,19.785714285714285
Tyler Rogers,34026,7,0,1,22,TRUE,25,299,NA,NA,NA,Draft,24,9,0,0,1,2.6666666666666665
Tyler Soderstrom,4686066,5,0,1,148,FALSE,9,101,NA,NA,NA,Draft,305.5,108,1,0,0,2.8287037037037037
Vinnie Pasquantino,4109109,13,0,1,157,FALSE,7,74,NA,NA,NA,Draft,225,89,1,0,0,2.5280898876404496
Vladimir Guerrero Jr.,35002,1,0,1,157,FALSE,2,16,NA,NA,NA,Draft,254,117,1,0,0,2.1709401709401708
Will Smith,38309,2,0,1,115,FALSE,4,41,NA,NA,NA,Draft,112.5,52,1,0,0,2.1634615384615383
Will Vest,41606,9,0,1,7,TRUE,23,276,NA,NA,NA,Draft,1,3,0,0,1,0.3333333333333333
Willi Castro,34230,14,0,1,3,FALSE,NA,NA,NA,NA,NA,Free Agent,0,1,1,0,0,0
William Contreras,39895,4,0,1,157,FALSE,6,69,NA,NA,NA,Draft,322,125,1,0,0,2.576
Willson Contreras,32532,12,0,1,157,FALSE,15,172,NA,NA,NA,Draft,359,121,1,0,0,2.9669421487603307
Willy Adames,33675,1,0,1,157,FALSE,9,105,NA,NA,NA,Draft,248,118,1,0,0,2.1016949152542375
Wilyer Abreu,4990055,12,0,1,157,FALSE,14,166,NA,NA,NA,Draft,364,127,1,0,0,2.8661417322834644
Wyatt Langford,4719324,6,0,1,106,FALSE,5,49,NA,NA,NA,Draft,121,40,1,0,0,3.025
Xander Bogaerts,31606,13,0,1,157,FALSE,17,194,NA,NA,NA,Draft,258,128,1,0,0,2.015625
Xavier Edwards,41326,8,0,1,157,FALSE,17,202,NA,NA,NA,Draft,325,132,1,0,0,2.462121212121212
Yainer Diaz,4781491,14,0,1,25,FALSE,21,246,NA,NA,NA,Draft,23.5,15,1,0,0,1.5666666666666667
Yandy Diaz,33481,13,0,1,157,FALSE,8,95,NA,NA,NA,Draft,387,129,1,0,0,3
Yordan Alvarez,36018,4,0,1,69,FALSE,2,21,NA,NA,NA,Draft,235.5,60,1,0,0,3.925
Yoshinobu Yamamoto,4872587,7,0,1,157,FALSE,1,11,NA,NA,NA,Draft,511,24,0,1,0,21.291666666666668
Yusei Kikuchi,41415,1,0,1,22,FALSE,23,273,NA,NA,NA,Draft,12.5,4,0,1,0,3.125
Zac Gallen,39910,7,0,1,38,FALSE,10,110,NA,NA,NA,Draft,43,6,0,1,0,7.166666666666667
Zach Eflin,32804,9,0,1,7,FALSE,25,300,NA,NA,NA,Draft,11,1,0,1,0,11
Zach McKinstry,38420,14,0,1,7,FALSE,24,283,NA,NA,NA,Draft,-0.5,3,1,0,0,-0.16666666666666666
Zach Neto,4666100,14,0,1,157,FALSE,8,91,NA,NA,NA,Draft,288.5,114,1,0,0,2.530701754385965
Zack Littell,36052,11,0,1,11,FALSE,17,199,NA,NA,NA,Draft,0,0,0,1,0,0
Zack Wheeler,31267,13,0,1,157,FALSE,6,71,NA,NA,NA,Draft,370.5,22,0,1,0,16.84090909090909
Braxton Ashcraft,41282,2,0,2,157,TRUE,NA,NA,NA,NA,NA,Free Agent,416.5,26,0,1,0,16.01923076923077
Chase Meidroth,5136929,5,0,2,33,FALSE,NA,NA,NA,NA,NA,Free Agent,44,21,1,0,0,2.0952380952380953
Nolan Gorman,41174,4,0,2,2,FALSE,NA,NA,NA,NA,NA,Free Agent,3.5,1,1,0,0,3.5
Tyler Wells,4717904,11,0,2,11,TRUE,NA,NA,NA,NA,NA,Free Agent,11,4,0,0,1,2.75
Brayan Rocchio,41217,4,0,3,5,FALSE,NA,NA,NA,NA,NA,Free Agent,2.5,3,1,0,0,0.8333333333333334
Dominic Canzone,4345621,1,0,3,6,FALSE,NA,NA,NA,NA,NA,Free Agent,5.5,3,1,0,0,1.8333333333333333
Francisco Alvarez,41253,1,0,4,4,FALSE,NA,NA,NA,NA,NA,Free Agent,0,0,1,0,0,0
Javier Baez,32127,8,0,4,36,FALSE,NA,NA,NA,NA,NA,Free Agent,36,22,1,0,0,1.6363636363636365
Justin Crawford,5080642,13,0,4,8,FALSE,NA,NA,NA,NA,NA,Free Agent,1.5,2,1,0,0,0.75
Lucas Erceg,36618,6,0,4,27,TRUE,NA,NA,NA,NA,NA,Free Agent,20.5,9,0,0,1,2.2777777777777777
Luke Raley,40422,14,0,4,16,FALSE,NA,NA,NA,NA,NA,Free Agent,10.5,9,1,0,0,1.1666666666666667
Andres Gimenez,37729,12,0,5,15,FALSE,NA,NA,NA,NA,NA,Free Agent,17,9,1,0,0,1.8888888888888888
Brett Baty,42414,11,0,5,17,FALSE,NA,NA,NA,NA,NA,Free Agent,11.5,6,1,0,0,1.9166666666666667
Garrett Mitchell,4313442,9,0,5,7,FALSE,NA,NA,NA,NA,NA,Free Agent,-2,2,1,0,0,-1
Johan Oviedo,41405,12,0,5,6,FALSE,NA,NA,NA,NA,NA,Free Agent,-1.5,1,0,0,1,-1.5
Jordan Walker,4684778,6,0,5,157,FALSE,NA,NA,NA,NA,NA,Free Agent,411,129,1,0,0,3.186046511627907
Jorge Soler,32558,2,0,5,15,FALSE,NA,NA,NA,NA,NA,Free Agent,17.5,8,1,0,0,2.1875
Owen Caissie,4917685,1,0,5,29,FALSE,NA,NA,NA,NA,NA,Free Agent,25.5,17,1,0,0,1.5
Colt Keith,4683384,4,0,6,25,FALSE,NA,NA,NA,NA,NA,Free Agent,26,14,1,0,0,1.8571428571428572
Emerson Hancock,4297897,12,0,6,18,FALSE,NA,NA,NA,NA,NA,Free Agent,30.5,2,0,1,0,15.25
Joey Wiemer,4417134,1,0,6,19,FALSE,NA,NA,NA,NA,NA,Free Agent,9,8,1,0,0,1.125
Randy Vasquez,4722847,6,0,6,57,FALSE,NA,NA,NA,NA,NA,Free Agent,107,9,0,1,0,11.88888888888889
Reynaldo Lopez,33860,7,0,6,37,FALSE,NA,NA,NA,NA,NA,Free Agent,25.5,4,0,0.8,0.19999999999999996,6.375
Bryan Abreu,41208,12,1,7,12,TRUE,21,243,NA,NA,NA,Free Agent,0,2,0,0,1,0
Jake Bauers,35013,5,0,7,157,FALSE,NA,NA,NA,NA,NA,Free Agent,346.5,114,1,0,0,3.039473684210526
Jordan Romano,36380,2,0,7,33,TRUE,NA,NA,NA,NA,NA,Free Agent,-0.5,9,0,0,1,-0.05555555555555555
Max Scherzer,28976,13,0,7,7,FALSE,NA,NA,NA,NA,NA,Free Agent,20.5,1,0,1,0,20.5
Miguel Vargas,42453,1,1,7,7,FALSE,NA,NA,NA,NA,NA,Free Agent,0,0,1,0,0,0
Aaron Ashby,41325,7,0,8,11,TRUE,NA,NA,NA,NA,NA,Free Agent,1.5,2,0,0,1,0.75
Cam Smith,5080766,9,0,8,9,FALSE,NA,NA,NA,NA,NA,Free Agent,1,1,1,0,0,1
Eric Lauer,39915,13,0,8,12,TRUE,NA,NA,NA,NA,NA,Free Agent,-2.5,1,0,1,0,-2.5
Erik Sabrowski,5194333,9,0,8,64,TRUE,NA,NA,NA,NA,NA,Free Agent,90,21,0,0,1,4.285714285714286
Jesus Sanchez,39957,14,0,8,13,FALSE,NA,NA,NA,NA,NA,Free Agent,-1,5,1,0,0,-0.2
Liam Hicks,4725251,9,0,8,157,FALSE,NA,NA,NA,NA,NA,Free Agent,308.5,109,1,0,0,2.830275229357798
Miguel Vargas,42453,8,2,8,157,FALSE,NA,NA,NA,NA,NA,Free Agent,421,126,1,0,0,3.3412698412698414
Noah Cameron,4417208,14,1,8,8,FALSE,NA,NA,NA,NA,NA,Free Agent,13.5,1,0,1,0,13.5
Nolan Gorman,41174,1,1,8,12,FALSE,NA,NA,NA,NA,NA,Free Agent,5.5,2,1,0,0,2.75
Parker Messick,4619898,11,0,8,157,FALSE,NA,NA,NA,NA,NA,Free Agent,426.5,25,0,1,0,17.06
TJ Rumfield,5014349,14,0,8,25,FALSE,NA,NA,NA,NA,NA,Free Agent,24.5,16,1,0,0,1.53125
David Peterson,40921,13,0,9,9,FALSE,NA,NA,NA,NA,NA,Free Agent,-2.5,1,0,1,0,-2.5
Jonathan India,41171,6,1,9,9,FALSE,NA,NA,NA,NA,NA,Free Agent,0,1,1,0,0,0
Josh Bell,32517,2,0,9,50,FALSE,NA,NA,NA,NA,NA,Free Agent,62,33,1,0,0,1.878787878787879
Kyle Isbel,41263,2,0,9,10,FALSE,NA,NA,NA,NA,NA,Free Agent,0.5,1,1,0,0,0.5
Lance McCullers Jr.,32764,14,0,9,12,FALSE,NA,NA,NA,NA,NA,Free Agent,3.5,1,0,1,0,3.5
Paul Sewald,35009,4,0,9,119,TRUE,NA,NA,NA,NA,NA,Free Agent,129.5,37,0,0,1,3.5
Ramon Laureano,35142,4,1,9,10,FALSE,NA,NA,NA,NA,NA,Free Agent,-0.5,1,1,0,0,-0.5
Dominic Canzone,4345621,9,1,10,11,FALSE,NA,NA,NA,NA,NA,Free Agent,-0.5,1,1,0,0,-0.5
Kyle Harrison,4683375,6,0,10,18,FALSE,NA,NA,NA,NA,NA,Free Agent,18,2,0,1,0,9
Mauricio Dubon,35304,11,0,10,157,FALSE,NA,NA,NA,NA,NA,Free Agent,272.5,118,1,0,0,2.309322033898305
Michael McGreevy,4424141,11,0,10,126,FALSE,NA,NA,NA,NA,NA,Free Agent,138.5,15,0,1,0,9.233333333333333
Will Warren,5132011,13,0,10,12,FALSE,NA,NA,NA,NA,NA,Free Agent,15,1,0,1,0,15
Bryce Elder,4301067,12,0,11,96,FALSE,NA,NA,NA,NA,NA,Free Agent,212,16,0,1,0,13.25
Cam Smith,5080766,4,1,11,37,FALSE,NA,NA,NA,NA,NA,Free Agent,46.5,21,1,0,0,2.2142857142857144
Garrett Mitchell,4313442,6,1,11,12,FALSE,NA,NA,NA,NA,NA,Free Agent,13.5,2,1,0,0,6.75
Grant Anderson,42161,7,0,11,12,TRUE,NA,NA,NA,NA,NA,Free Agent,-1.5,1,0,0,1,-1.5
Jonathan India,41171,4,2,11,19,FALSE,NA,NA,NA,NA,NA,Free Agent,18.5,7,1,0,0,2.642857142857143
Landen Roupp,4345404,2,0,11,11,FALSE,NA,NA,NA,NA,NA,Free Agent,3.5,1,0,1,0,3.5
Michael Soroka,34984,7,0,11,157,FALSE,NA,NA,NA,NA,NA,Free Agent,156,11,0,1,0,14.181818181818182
Ben Brown,41516,2,0,12,12,TRUE,NA,NA,NA,NA,NA,Free Agent,-3,1,0,0,1,-3
Gregory Soto,39804,7,0,12,157,TRUE,NA,NA,NA,NA,NA,Free Agent,165,52,0,0,1,3.173076923076923
Marcell Ozuna,31668,2,1,12,15,FALSE,NA,NA,NA,NA,NA,Free Agent,0,1,1,0,0,0
Mark Vientos,41034,12,0,12,18,FALSE,NA,NA,NA,NA,NA,Free Agent,2,5,1,0,0,0.4
Max Muncy,4872686,14,0,12,32,FALSE,NA,NA,NA,NA,NA,Free Agent,23.5,18,1,0,0,1.3055555555555556
Ramon Laureano,35142,9,2,12,38,FALSE,NA,NA,NA,NA,NA,Free Agent,51,22,1,0,0,2.3181818181818183
Reid Detmers,4326697,9,0,12,15,TRUE,NA,NA,NA,NA,NA,Free Agent,0.5,1,0,1,0,0.5
Riley O'Brien,41509,11,0,12,157,TRUE,NA,NA,NA,NA,NA,Free Agent,184.5,52,0,0,1,3.548076923076923
Tobias Myers,39716,11,0,12,54,TRUE,NA,NA,NA,NA,NA,Free Agent,31.5,10,0,0.09090909090909091,0.9090909090909091,3.15
Tristan Gray,39918,11,0,12,17,FALSE,NA,NA,NA,NA,NA,Free Agent,-1,3,1,0,0,-0.3333333333333333
Clay Holmes,32827,14,1,13,52,FALSE,NA,NA,NA,NA,NA,Free Agent,106,7,0,1,0,15.142857142857142
Cole Young,5080641,1,0,13,15,FALSE,NA,NA,NA,NA,NA,Free Agent,2,3,1,0,0,0.6666666666666666
Francisco Alvarez,41253,13,1,13,34,FALSE,NA,NA,NA,NA,NA,Free Agent,11,14,1,0,0,0.7857142857142857
Garrett Whitlock,39674,12,1,13,14,TRUE,NA,NA,NA,NA,NA,Free Agent,7,2,0,0,1,3.5
Jake Cronenworth,36364,6,1,13,15,FALSE,NA,NA,NA,NA,NA,Free Agent,4.5,1,1,0,0,4.5
Jason Adam,32145,7,0,13,32,TRUE,NA,NA,NA,NA,NA,Free Agent,25,7,0,0,1,3.5714285714285716
Nick Gonzales,4311634,2,0,13,13,FALSE,NA,NA,NA,NA,NA,Free Agent,0.5,1,1,0,0,0.5
Otto Lopez,41917,13,1,13,157,FALSE,NA,NA,NA,NA,NA,Free Agent,307,112,1,0,0,2.7410714285714284
Taj Bradley,42480,5,0,13,157,FALSE,NA,NA,NA,NA,NA,Free Agent,235.5,17,0,1,0,13.852941176470589
Brady House,4872681,11,0,14,26,FALSE,NA,NA,NA,NA,NA,Free Agent,2.5,10,1,0,0,0.25
Cade Cavalli,4308037,2,1,14,14,FALSE,NA,NA,NA,NA,NA,Free Agent,9,1,0,1,0,9
Kyle Isbel,41263,11,1,14,19,FALSE,NA,NA,NA,NA,NA,Free Agent,4.5,5,1,0,0,0.9
Noah Cameron,4417208,4,2,14,20,FALSE,20,237,NA,NA,NA,Free Agent,16.5,2,0,1,0,8.25
Troy Johnston,4346111,14,0,14,25,FALSE,NA,NA,NA,NA,NA,Free Agent,18.5,9,1,0,0,2.0555555555555554
Bryan King,5201821,12,0,15,26,TRUE,NA,NA,NA,NA,NA,Free Agent,11.5,3,0,0,1,3.8333333333333335
Eduardo Rodriguez,32675,14,0,15,37,FALSE,NA,NA,NA,NA,NA,Free Agent,30.5,4,0,1,0,7.625
Joe Boyle,4298087,2,0,15,19,FALSE,NA,NA,NA,NA,NA,Free Agent,0.5,1,0,1,0,0.5
Tony Santillan,40950,12,0,15,40,TRUE,NA,NA,NA,NA,NA,Free Agent,21.5,8,0,0,1,2.6875
Dillon Dingler,4345620,2,0,16,19,FALSE,NA,NA,NA,NA,NA,Free Agent,9.5,4,1,0,0,2.375
Jeffrey Springs,35397,1,0,16,38,FALSE,NA,NA,NA,NA,NA,Free Agent,62,5,0,1,0,12.4
Mickey Moniak,36181,2,1,16,157,FALSE,NA,NA,NA,NA,NA,Free Agent,215,84,1,0,0,2.5595238095238093
Rhett Lowder,4758873,9,0,16,16,FALSE,NA,NA,NA,NA,NA,Free Agent,1,1,0,1,0,1
Seth Lugo,34873,12,1,16,50,FALSE,NA,NA,NA,NA,NA,Free Agent,85,7,0,1,0,12.142857142857142
Spencer Torkelson,4424286,6,1,16,61,FALSE,NA,NA,NA,NA,NA,Free Agent,73,40,1,0,0,1.825
Willi Castro,34230,1,1,16,16,FALSE,NA,NA,NA,NA,NA,Free Agent,-1.5,1,1,0,0,-1.5
Andres Gimenez,37729,1,1,17,40,FALSE,NA,NA,NA,NA,NA,Free Agent,32.5,19,1,0,0,1.7105263157894737
Ernie Clement,41287,12,1,17,54,FALSE,17,195,NA,NA,NA,Free Agent,50.5,25,1,0,0,2.02
Garrett Mitchell,4313442,14,2,17,33,FALSE,NA,NA,NA,NA,NA,Free Agent,25.5,15,1,0,0,1.7
Lance McCullers Jr.,32764,9,1,17,20,FALSE,NA,NA,NA,NA,NA,Free Agent,-1,1,0,1,0,-1
Brandon Marsh,40803,11,0,18,157,FALSE,NA,NA,NA,NA,NA,Free Agent,263,111,1,0,0,2.369369369369369
Ildemaro Vargas,32985,11,0,18,108,FALSE,NA,NA,NA,NA,NA,Free Agent,152.5,65,1,0,0,2.3461538461538463
Jakob Junis,36056,4,0,18,40,TRUE,NA,NA,NA,NA,NA,Free Agent,23.5,8,0,0,1,2.9375
Luis Gil,40626,11,0,18,24,FALSE,NA,NA,NA,NA,NA,Free Agent,0,0,0,1,0,0
Angel Martinez,42497,9,0,19,25,FALSE,NA,NA,NA,NA,NA,Free Agent,7.5,6,1,0,0,1.25
Daniel Susac,4751554,12,0,19,19,FALSE,NA,NA,NA,NA,NA,Free Agent,1.5,1,1,0,0,1.5
Fernando Cruz,34068,6,0,19,20,TRUE,NA,NA,NA,NA,NA,Free Agent,0,1,0,0,1,0
J.P. Crawford,33210,12,0,19,23,FALSE,NA,NA,NA,NA,NA,Free Agent,3.5,4,1,0,0,0.875
Jorge Soler,32558,7,1,19,135,FALSE,NA,NA,NA,NA,NA,Free Agent,124,65,1,0,0,1.9076923076923078
Jung Hoo Lee,5134621,6,1,19,59,FALSE,NA,NA,NA,NA,NA,Free Agent,66,28,1,0,0,2.357142857142857
Landen Roupp,4345404,9,1,19,110,FALSE,NA,NA,NA,NA,NA,Free Agent,169.5,14,0,1,0,12.107142857142858
Noah Schultz,5080754,4,0,19,22,FALSE,NA,NA,NA,NA,NA,Free Agent,0,0,0,1,0,0
Alex Vesia,42622,4,0,20,36,TRUE,NA,NA,NA,NA,NA,Free Agent,16,6,0,0,1,2.6666666666666665
Cole Young,5080641,4,1,20,21,FALSE,NA,NA,NA,NA,NA,Free Agent,-1,2,1,0,0,-0.5
Grant Holmes,33840,7,0,20,21,FALSE,NA,NA,NA,NA,NA,Free Agent,5,1,0,1,0,5
Jeff McNeil,33900,11,1,20,24,FALSE,NA,NA,NA,NA,NA,Free Agent,6,5,1,0,0,1.2
Jo Adell,40854,1,1,20,137,FALSE,NA,NA,NA,NA,NA,Free Agent,203,92,1,0,0,2.2065217391304346
JoJo Romero,40456,12,0,20,22,TRUE,NA,NA,NA,NA,NA,Free Agent,9.5,2,0,0,1,4.75
Nolan Gorman,41174,2,2,20,22,FALSE,NA,NA,NA,NA,NA,Free Agent,0.5,2,1,0,0,0.25
Reid Detmers,4326697,2,1,20,56,TRUE,NA,NA,NA,NA,NA,Free Agent,80.5,7,0,1,0,11.5
Ben Brown,41516,6,1,21,22,TRUE,NA,NA,NA,NA,NA,Free Agent,6,1,0,0,1,6
Emerson Hancock,4297897,9,1,21,90,FALSE,NA,NA,NA,NA,NA,Free Agent,173.5,11,0,1,0,15.772727272727273
Garrett Whitlock,39674,13,2,21,23,TRUE,NA,NA,NA,NA,NA,Free Agent,3,1,0,0,1,3
Jacob Young,4414210,4,0,21,26,FALSE,NA,NA,NA,NA,NA,Free Agent,-1,3,1,0,0,-0.3333333333333333
Rece Hinds,42545,9,0,21,29,FALSE,NA,NA,NA,NA,NA,Free Agent,5,6,1,0,0,0.8333333333333334
Luke Raley,40422,7,1,22,39,FALSE,NA,NA,NA,NA,NA,Free Agent,16,14,1,0,0,1.1428571428571428
Spencer Arrighetti,4726080,4,0,22,30,FALSE,NA,NA,NA,NA,NA,Free Agent,31.5,2,0,1,0,15.75
Daylen Lile,4917889,4,1,23,40,FALSE,NA,NA,NA,NA,NA,Free Agent,45.5,14,1,0,0,3.25
Jake Burger,39882,12,1,23,29,FALSE,NA,NA,NA,NA,NA,Free Agent,7,5,1,0,0,1.4
Jeremiah Jackson,41264,1,0,23,47,FALSE,NA,NA,NA,NA,NA,Free Agent,18,19,1,0,0,0.9473684210526315
Joey Wiemer,4417134,2,1,23,24,FALSE,NA,NA,NA,NA,NA,Free Agent,4.5,2,1,0,0,2.25
Louis Varland,4917888,6,0,23,47,TRUE,NA,NA,NA,NA,NA,Free Agent,48,10,0,0,1,4.8
Rico Garcia,41382,7,0,23,157,TRUE,NA,NA,NA,NA,NA,Free Agent,139.5,53,0,0,1,2.6320754716981134
Aaron Civale,40934,13,0,24,24,FALSE,NA,NA,NA,NA,NA,Free Agent,-4,1,0,1,0,-4
Dillon Dingler,4345620,9,1,24,34,FALSE,NA,NA,NA,NA,NA,Free Agent,14,8,1,0,0,1.75
Jose Fernandez,5010500,4,0,24,29,FALSE,NA,NA,NA,NA,NA,Free Agent,11.5,5,1,0,0,2.3
Trevor Story,32150,12,1,24,24,FALSE,NA,NA,NA,NA,NA,Free Agent,-2,1,1,0,0,-2
Austin Martin,4297998,11,0,25,32,FALSE,NA,NA,NA,NA,NA,Free Agent,12.5,5,1,0,0,2.5
Bryan Baker,40884,1,0,25,28,TRUE,NA,NA,NA,NA,NA,Free Agent,-1.5,1,0,0,1,-1.5
Daniel Schneemann,42001,12,0,25,26,FALSE,NA,NA,NA,NA,NA,Free Agent,3.5,2,1,0,0,1.75
Davis Martin,42823,14,0,25,143,FALSE,NA,NA,NA,NA,NA,Free Agent,201,19,0,1,0,10.578947368421053
Dean Kremer,38295,11,0,25,25,FALSE,NA,NA,NA,NA,NA,Free Agent,0,0,0,1,0,0
Gavin Sheets,40700,11,0,25,29,FALSE,NA,NA,NA,NA,NA,Free Agent,-1,4,1,0,0,-0.25
Jameson Taillon,31258,2,0,25,25,FALSE,NA,NA,NA,NA,NA,Free Agent,18.5,1,0,1,0,18.5
Joel Kuhnel,40855,11,0,25,32,TRUE,NA,NA,NA,NA,NA,Free Agent,1,3,0,0,1,0.3333333333333333
Ryan Walker,5000950,13,1,25,31,TRUE,NA,NA,NA,NA,NA,Free Agent,13.5,3,0,0,1,4.5
Cole Young,5080641,4,2,26,28,FALSE,NA,NA,NA,NA,NA,Free Agent,2,3,1,0,0,0.6666666666666666
Dominic Smith,33218,14,0,26,65,FALSE,NA,NA,NA,NA,NA,Free Agent,41.5,26,1,0,0,1.5961538461538463
Gary Sanchez,31095,14,0,26,41,FALSE,NA,NA,NA,NA,NA,Free Agent,17.5,10,1,0,0,1.75
Heliot Ramos,39642,2,1,26,26,FALSE,NA,NA,NA,NA,NA,Free Agent,1,1,1,0,0,1
JoJo Romero,40456,14,1,26,26,TRUE,NA,NA,NA,NA,NA,Free Agent,-4.5,1,0,0,1,-4.5
Josh Jung,42437,9,0,26,85,FALSE,NA,NA,NA,NA,NA,Free Agent,107.5,47,1,0,0,2.2872340425531914
Will Warren,5132011,11,1,26,121,FALSE,NA,NA,NA,NA,NA,Free Agent,129.5,14,0,0.9333333333333333,0.06666666666666665,9.25
Casey Schmitt,4301949,5,0,27,126,FALSE,NA,NA,NA,NA,NA,Free Agent,222,80,1,0,0,2.775
Daniel Schneemann,42001,14,1,27,66,FALSE,NA,NA,12,12 14,1,Trade,43.5,28,1,0,0,1.5535714285714286
Framber Valdez,36581,14,1,27,157,FALSE,NA,NA,12,12 14,1,Trade,201,20,0,1,0,10.05
Garrett Whitlock,39674,12,3,27,36,TRUE,NA,NA,NA,NA,NA,Free Agent,5,3,0,0,1,1.6666666666666667
Hyeseong Kim,5134614,5,0,27,45,FALSE,NA,NA,NA,NA,NA,Free Agent,18.5,13,1,0,0,1.4230769230769231
Jesus Sanchez,39957,11,1,27,35,FALSE,NA,NA,NA,NA,NA,Free Agent,17,6,1,0,0,2.8333333333333335
Kyle Harrison,4683375,5,1,27,28,FALSE,NA,NA,NA,NA,NA,Free Agent,3.5,1,0,1,0,3.5
Mick Abel,4718970,4,0,27,27,FALSE,NA,NA,NA,NA,NA,Free Agent,0,0,NA,NA,NA,0
Oswald Peraza,42479,2,0,27,27,FALSE,NA,NA,NA,NA,NA,Free Agent,0,0,NA,NA,NA,0
Tanner Scott,35135,12,1,27,35,TRUE,NA,NA,NA,NA,NA,Free Agent,18,4,0,0,1,4.5
Trea Turner,33710,12,1,27,157,FALSE,NA,NA,14,12 14,1,Trade,249,107,1,0,0,2.3271028037383177
Antonio Senzatela,33750,8,0,28,98,TRUE,NA,NA,NA,NA,NA,Free Agent,44,19,0,0,1,2.3157894736842106
Ben Brown,41516,6,2,28,44,TRUE,NA,NA,NA,NA,NA,Free Agent,24,4,0,0,1,6
Masyn Winn,4683365,2,1,28,28,FALSE,NA,NA,NA,NA,NA,Free Agent,3,1,1,0,0,3
Payton Tolle,4966140,4,0,28,157,FALSE,NA,NA,NA,NA,NA,Free Agent,335.5,21,0,1,0,15.976190476190476
Brad Keller,35292,5,0,29,40,TRUE,NA,NA,NA,NA,NA,Free Agent,12.5,4,0,0,1,3.125
Dalton Rushing,4619839,2,0,29,29,FALSE,NA,NA,NA,NA,NA,Free Agent,0,0,NA,NA,NA,0
Emmet Sheehan,4417806,1,1,29,57,FALSE,NA,NA,NA,NA,NA,Free Agent,53.5,3,0,1,0,17.833333333333332
Heliot Ramos,39642,12,2,29,31,FALSE,NA,NA,NA,NA,NA,Free Agent,5.5,3,1,0,0,1.8333333333333333
Masyn Winn,4683365,4,2,29,54,FALSE,NA,NA,NA,NA,NA,Free Agent,34.5,22,1,0,0,1.5681818181818181
Adrian Morejon,40917,12,0,30,30,TRUE,NA,NA,NA,NA,NA,Free Agent,1,1,0,0,1,1
Amed Rosario,33215,2,0,30,32,FALSE,NA,NA,NA,NA,NA,Free Agent,0.5,2,1,0,0,0.25
Anthony Volpe,42547,9,0,30,37,FALSE,NA,NA,NA,NA,NA,Free Agent,0,0,NA,NA,NA,0
Austin Riley,34982,4,1,30,101,FALSE,NA,NA,6,4 6,2,Trade,80,57,1,0,0,1.4035087719298245
Bryce Harper,30951,6,1,30,157,FALSE,NA,NA,4,4 6,2,Trade,360.5,110,1,0,0,3.2772727272727273
Chase Dollander,4719068,9,0,30,45,TRUE,NA,NA,NA,NA,NA,Free Agent,37,3,0,1,0,12.333333333333334
Jac Caglianone,4926296,4,1,30,51,FALSE,NA,NA,6,4 6,2,Trade,23,16,1,0,0,1.4375
Jose Fernandez,5010500,6,1,30,30,FALSE,NA,NA,4,4 6,2,Trade,-0.5,1,1,0,0,-0.5
Kerry Carpenter,42714,11,1,30,44,FALSE,NA,NA,NA,NA,NA,Free Agent,11.5,10,1,0,0,1.15
Kyle Bradish,4311625,4,1,30,106,FALSE,NA,NA,6,4 6,2,Trade,167,12,0,1,0,13.916666666666666
Leody Taveras,34951,9,0,30,31,FALSE,NA,NA,NA,NA,NA,Free Agent,-0.5,1,1,0,0,-0.5
Ryan Weathers,41178,6,1,30,75,FALSE,NA,NA,4,4 6,2,Trade,99.5,7,0,1,0,14.214285714285714
Seranthony Dominguez,37793,1,0,30,90,TRUE,NA,NA,NA,NA,NA,Free Agent,67.5,22,0,0,1,3.0681818181818183
Brandon Young,4414339,8,0,31,41,FALSE,NA,NA,NA,NA,NA,Free Agent,4.5,2,0,1,0,2.25
Brayan Rocchio,41217,4,1,31,31,FALSE,NA,NA,NA,NA,NA,Free Agent,2,1,1,0,0,2
Carter Jensen,4917812,12,1,31,36,FALSE,NA,NA,NA,NA,NA,Free Agent,5.5,4,1,0,0,1.375
Graham Ashcraft,4084179,9,0,31,36,TRUE,NA,NA,NA,NA,NA,Free Agent,8,3,0,0,1,2.6666666666666665
Grant Holmes,33840,8,1,31,41,FALSE,NA,NA,NA,NA,NA,Free Agent,12.5,2,0,1,0,6.25
Merrill Kelly,32968,4,1,31,33,FALSE,NA,NA,NA,NA,NA,Free Agent,0,0,NA,NA,NA,0
Trevor Rogers,39640,2,1,31,36,FALSE,NA,NA,NA,NA,NA,Free Agent,-4,1,0,1,0,-4
Yusei Kikuchi,41415,6,1,31,31,FALSE,NA,NA,NA,NA,NA,Free Agent,3,1,0,1,0,3
Angel Martinez,42497,12,1,32,34,FALSE,NA,NA,NA,NA,NA,Free Agent,1.5,2,1,0,0,0.75
Brooks Lee,4629081,6,0,32,34,FALSE,NA,NA,NA,NA,NA,Free Agent,2,1,1,0,0,2
Carlos Cortes,41595,9,0,32,53,FALSE,NA,NA,NA,NA,NA,Free Agent,26.5,15,1,0,0,1.7666666666666666
Jack Flaherty,33837,13,1,32,32,FALSE,NA,NA,NA,NA,NA,Free Agent,-8.5,1,0,1,0,-8.5
Jose Fernandez,5010500,4,2,32,40,FALSE,NA,NA,NA,NA,NA,Free Agent,18.5,7,1,0,0,2.642857142857143
Juan Morillo,4722925,14,0,32,109,TRUE,NA,NA,NA,NA,NA,Free Agent,59,27,0,0,1,2.185185185185185
TJ Rumfield,5014349,11,1,32,69,FALSE,NA,NA,NA,NA,NA,Free Agent,51.5,19,1,0,0,2.710526315789474
Andrew Abbott,4414528,13,1,33,37,FALSE,NA,NA,NA,NA,NA,Free Agent,18,1,0,1,0,18
Brett Baty,42414,2,1,33,35,FALSE,NA,NA,NA,NA,NA,Free Agent,0.5,3,1,0,0,0.16666666666666666
Cole Young,5080641,14,3,33,157,FALSE,NA,NA,NA,NA,NA,Free Agent,223,106,1,0,0,2.1037735849056602
Joey Wiemer,4417134,11,2,33,39,FALSE,NA,NA,NA,NA,NA,Free Agent,-0.5,1,1,0,0,-0.5
Justin Wrobleski,4417203,1,0,33,145,TRUE,NA,NA,NA,NA,NA,Free Agent,165,11,0,1,0,15
Rhett Lowder,4758873,7,1,33,33,FALSE,NA,NA,NA,NA,NA,Free Agent,11.5,1,0,1,0,11.5
Troy Johnston,4346111,11,1,33,57,FALSE,NA,NA,NA,NA,NA,Free Agent,24,12,1,0,0,2
Aaron Ashby,41325,7,1,34,157,TRUE,NA,NA,NA,NA,NA,Free Agent,146,47,0,0,1,3.106382978723404
Andrew Painter,4872683,5,1,34,39,FALSE,NA,NA,NA,NA,NA,Free Agent,7.5,1,0,1,0,7.5
Dalton Rushing,4619839,2,1,34,34,FALSE,NA,NA,NA,NA,NA,Free Agent,2,1,1,0,0,2
Grant Taylor,4927630,13,0,34,43,TRUE,NA,NA,NA,NA,NA,Free Agent,10,3,0,0,1,3.3333333333333335
Hunter Gaddis,4187661,6,0,34,34,TRUE,NA,NA,NA,NA,NA,Free Agent,-8,1,0,0,1,-8
Jasson Dominguez,42401,14,0,34,44,FALSE,22,259,NA,NA,NA,Free Agent,17.5,9,1,0,0,1.9444444444444444
Kyle Harrison,4683375,12,2,34,140,FALSE,NA,NA,NA,NA,NA,Free Agent,172,13,0,1,0,13.23076923076923
Spencer Arrighetti,4726080,4,1,34,72,FALSE,NA,NA,NA,NA,NA,Free Agent,85.5,6,0,1,0,14.25
Elmer Rodriguez,5194637,9,0,35,36,FALSE,NA,NA,NA,NA,NA,Free Agent,0,0,0,1,0,0
Griffin Jax,42604,13,1,35,44,TRUE,NA,NA,NA,NA,NA,Free Agent,15,2,0,0.5,0.5,7.5
Jason Adam,32145,6,1,35,36,TRUE,NA,NA,NA,NA,NA,Free Agent,0.5,1,0,0,1,0.5
Matt Brash,4894467,2,1,35,36,TRUE,NA,NA,NA,NA,NA,Free Agent,5,2,0,0,1,2.5
Nathan Church,4843048,11,0,35,49,FALSE,NA,NA,NA,NA,NA,Free Agent,17,13,1,0,0,1.3076923076923077
Ryan Walker,5000950,6,2,35,40,TRUE,22,264,NA,NA,NA,Free Agent,-8.5,2,0,0,1,-4.25
Tatsuya Imai,5330833,12,1,35,40,FALSE,NA,NA,NA,NA,NA,Free Agent,0,0,NA,NA,NA,0
Travis Bazzana,5007707,12,0,35,157,FALSE,NA,NA,NA,NA,NA,Free Agent,216,92,1,0,0,2.347826086956522
Abner Uribe,4917865,12,1,36,47,TRUE,NA,NA,NA,NA,NA,Free Agent,9.5,3,0,0,1,3.1666666666666665
Angel Martinez,42497,1,2,36,70,FALSE,NA,NA,NA,NA,NA,Free Agent,62.5,25,1,0,0,2.5
Colt Keith,4683384,13,1,36,61,FALSE,NA,NA,NA,NA,NA,Free Agent,18.5,17,1,0,0,1.088235294117647
Edouard Julien,3985190,2,0,36,36,FALSE,NA,NA,NA,NA,NA,Free Agent,0,0,NA,NA,NA,0
JR Ritchie,5080757,11,0,36,36,FALSE,NA,NA,NA,NA,NA,Free Agent,0,0,0,1,0,0
Mick Abel,4718970,6,1,36,44,FALSE,NA,NA,NA,NA,NA,Free Agent,0,0,NA,NA,NA,0
Adolis Garcia,35537,6,1,37,39,FALSE,NA,NA,NA,NA,NA,Free Agent,7,4,1,0,0,1.75
Bryson Stott,42417,2,1,37,157,FALSE,NA,NA,NA,NA,NA,Free Agent,292.5,104,1,0,0,2.8125
Daniel Palencia,4875225,9,1,37,51,TRUE,NA,NA,NA,NA,NA,Free Agent,11,4,0,0,1,2.75
Erik Miller,4152950,12,0,37,41,TRUE,NA,NA,NA,NA,NA,Free Agent,6,1,0,0,1,6
Heliot Ramos,39642,2,3,37,37,FALSE,NA,NA,NA,NA,NA,Free Agent,6.5,2,1,0,0,3.25
Jacob Latz,3210625,4,0,37,157,TRUE,NA,NA,NA,NA,NA,Free Agent,197,34,0,0,1,5.794117647058823
Ryan Jeffers,41587,11,0,37,157,FALSE,NA,NA,NA,NA,NA,Free Agent,135,46,1,0,0,2.9347826086956523
Samuel Basallo,4917646,12,1,37,41,FALSE,NA,NA,NA,NA,NA,Free Agent,-1.5,2,1,0,0,-0.75
Tyler Rogers,34026,9,1,37,37,TRUE,NA,NA,NA,NA,NA,Free Agent,0,0,NA,NA,NA,0
Yainer Diaz,4781491,2,1,37,40,FALSE,NA,NA,NA,NA,NA,Free Agent,5.5,2,1,0,0,2.75
Foster Griffin,33773,7,0,38,157,FALSE,NA,NA,NA,NA,NA,Free Agent,275,19,0,1,0,14.473684210526315
Garrett Mitchell,4313442,14,3,38,137,FALSE,NA,NA,NA,NA,NA,Free Agent,153.5,75,1,0,0,2.046666666666667
Jared Jones,4918156,9,0,38,73,FALSE,NA,NA,NA,NA,NA,Free Agent,0,0,0,1,0,0
Moises Ballesteros,4987418,9,0,38,43,FALSE,NA,NA,NA,NA,NA,Free Agent,11,4,1,0,0,2.75
Nathaniel Lowe,40538,4,0,38,44,FALSE,NA,NA,NA,NA,NA,Free Agent,11,7,1,0,0,1.5714285714285714
Rhett Lowder,4758873,13,2,38,39,FALSE,NA,NA,NA,NA,NA,Free Agent,-19,1,0,1,0,-19
Yohan Ramirez,41893,2,0,38,42,TRUE,NA,NA,NA,NA,NA,Free Agent,-8.5,2,0,0,1,-4.25
Bailey Ober,3107919,7,0,39,75,FALSE,NA,NA,NA,NA,NA,Free Agent,51,3,0,1,0,17
Bryan Baker,40884,1,1,39,157,TRUE,NA,NA,NA,NA,NA,Free Agent,216.5,41,0,0,1,5.280487804878049
Jack Kochanowicz,4917819,7,0,39,64,FALSE,NA,NA,NA,NA,NA,Free Agent,24.5,4,0,1,0,6.125
Luis Severino,33263,1,0,39,42,FALSE,NA,NA,NA,NA,NA,Free Agent,8,1,0,1,0,8
Sam Antonacci,5207167,9,0,39,157,FALSE,NA,NA,NA,NA,NA,Free Agent,241,95,1,0,0,2.536842105263158
Brooks Lee,4629081,11,1,40,157,FALSE,NA,NA,NA,NA,NA,Free Agent,219.5,89,1,0,0,2.466292134831461
Griffin Canning,41065,5,0,40,41,FALSE,NA,NA,NA,NA,NA,Free Agent,16.5,1,0,1,0,16.5
Jack Leiter,4622181,13,1,40,43,FALSE,NA,NA,NA,NA,NA,Free Agent,14.5,1,0,1,0,14.5
Lucas Erceg,36618,13,1,40,51,TRUE,NA,NA,NA,NA,NA,Free Agent,8,3,0,0,1,2.6666666666666665
Sal Frelick,4417795,7,1,40,40,FALSE,NA,NA,NA,NA,NA,Free Agent,1,1,1,0,0,1
Steven Matz,33106,8,0,40,45,TRUE,NA,NA,NA,NA,NA,Free Agent,17,1,0,1,0,17
Tyler Mahle,34973,6,0,40,41,FALSE,NA,NA,NA,NA,NA,Free Agent,16.5,1,0,1,0,16.5
Bryce Eldridge,5149064,4,0,41,42,FALSE,NA,NA,NA,NA,NA,Free Agent,0,0,1,0,0,0
Cam Smith,5080766,5,2,41,54,FALSE,NA,NA,NA,NA,NA,Free Agent,1.5,7,1,0,0,0.21428571428571427
JR Ritchie,5080757,4,1,41,41,FALSE,NA,NA,NA,NA,NA,Free Agent,3.5,1,0,1,0,3.5
Jeremiah Estrada,41014,4,1,41,56,TRUE,23,268,NA,NA,NA,Free Agent,22,6,0,0,1,3.6666666666666665
Jose Caballero,42135,1,1,41,49,FALSE,NA,NA,NA,NA,NA,Free Agent,12.5,8,1,0,0,1.5625
Max Meyer,4345164,2,1,41,157,FALSE,NA,NA,NA,NA,NA,Free Agent,211,13,0,1,0,16.23076923076923
Noah Schultz,5080754,12,1,41,43,FALSE,NA,NA,NA,NA,NA,Free Agent,-9,1,0,1,0,-9
Nolan Gorman,41174,5,3,41,68,FALSE,NA,NA,NA,NA,NA,Free Agent,25,19,1,0,0,1.3157894736842106
Ramon Laureano,35142,7,3,41,51,FALSE,NA,NA,NA,NA,NA,Free Agent,9,9,1,0,0,1
Tanner Scott,35135,6,2,41,67,TRUE,24,288,NA,NA,NA,Free Agent,40,10,0,0,1,4
Tyler Rogers,34026,12,2,41,46,TRUE,NA,NA,NA,NA,NA,Free Agent,-11,2,0,0,1,-5.5
Carson Kelly,32797,5,0,42,47,FALSE,NA,NA,NA,NA,NA,Free Agent,0.5,1,1,0,0,0.5
Daylen Lile,4917889,5,2,42,157,FALSE,NA,NA,NA,NA,NA,Free Agent,267,101,1,0,0,2.6435643564356437
Dillon Dingler,4345620,14,2,42,157,FALSE,NA,NA,NA,NA,NA,Free Agent,259,92,1,0,0,2.8152173913043477
JJ Bleday,42410,12,0,42,157,FALSE,NA,NA,NA,NA,NA,Free Agent,249.5,98,1,0,0,2.545918367346939
Janson Junk,4881980,8,0,42,52,FALSE,NA,NA,NA,NA,NA,Free Agent,3.5,2,0,1,0,1.75
Jason Adam,32145,6,2,42,43,TRUE,NA,NA,NA,NA,NA,Free Agent,3,1,0,0,1,3
Jeff McNeil,33900,4,2,42,44,FALSE,NA,NA,NA,NA,NA,Free Agent,-0.5,2,1,0,0,-0.25
Sean Burke,4867679,8,0,42,58,FALSE,NA,NA,NA,NA,NA,Free Agent,5.5,3,0,1,0,1.8333333333333333
Trevor Megill,40080,12,1,42,47,TRUE,NA,NA,NA,NA,NA,Free Agent,4.5,2,0,0,1,2.25
Bryce Miller,4654313,4,1,43,152,FALSE,24,285,NA,NA,NA,Free Agent,171.5,14,0,1,0,12.25
J.P. Crawford,33210,1,1,43,43,FALSE,NA,NA,NA,NA,NA,Free Agent,2,1,1,0,0,2
Jeffrey Springs,35397,2,1,43,44,FALSE,NA,NA,NA,NA,NA,Free Agent,9,1,0,1,0,9
Sal Frelick,4417795,14,2,43,116,FALSE,NA,NA,NA,NA,NA,Free Agent,100,55,1,0,0,1.8181818181818181
Trevor Larnach,41205,14,0,43,44,FALSE,NA,NA,NA,NA,NA,Free Agent,0.5,2,1,0,0,0.25
Adolis Garcia,35537,6,2,44,47,FALSE,NA,NA,NA,NA,NA,Free Agent,5,4,1,0,0,1.25
Brayan Rocchio,41217,6,2,44,50,FALSE,NA,NA,NA,NA,NA,Free Agent,8.5,4,1,0,0,2.125
Carson Benge,4925604,9,1,44,44,FALSE,NA,NA,NA,NA,NA,Free Agent,0.5,1,1,0,0,0.5
Ezequiel Duran,42457,1,0,44,157,FALSE,NA,NA,NA,NA,NA,Free Agent,232.5,95,1,0,0,2.4473684210526314
Jake Burger,39882,12,2,44,46,FALSE,NA,NA,NA,NA,NA,Free Agent,0,1,1,0,0,0
Matt Strahm,34862,13,0,44,52,TRUE,NA,NA,NA,NA,NA,Free Agent,2.5,3,0,0,1,0.8333333333333334
Nasim Nunez,4728688,13,0,44,51,FALSE,NA,NA,NA,NA,NA,Free Agent,6,5,1,0,0,1.2
Andres Munoz,40939,6,1,45,75,TRUE,NA,NA,NA,NA,NA,Free Agent,16.5,9,0,0,1,1.8333333333333333
Andrew Vaughn,42394,4,1,45,54,FALSE,NA,NA,NA,NA,NA,Free Agent,16,7,1,0,0,2.2857142857142856
Curtis Mead,42360,14,0,45,54,FALSE,NA,NA,NA,NA,NA,Free Agent,8.5,3,1,0,0,2.8333333333333335
Grayson Rodriguez,41196,6,1,45,54,FALSE,17,193,NA,NA,NA,Free Agent,-8,1,0,1,0,-8
Joel Kuhnel,40855,11,1,45,45,TRUE,NA,NA,NA,NA,NA,Free Agent,5,1,0,0,1,5
Leody Taveras,34951,14,1,45,51,FALSE,NA,NA,NA,NA,NA,Free Agent,4.5,6,1,0,0,0.75
Robby Snelling,5080753,2,0,45,48,FALSE,NA,NA,NA,NA,NA,Free Agent,4,1,0,1,0,4
Ryan Waldschmidt,5129344,4,0,45,48,FALSE,NA,NA,NA,NA,NA,Free Agent,-1.5,2,1,0,0,-0.75
Spencer Jones,4867424,9,0,45,48,FALSE,NA,NA,NA,NA,NA,Free Agent,0,4,1,0,0,0
Tony Santillan,40950,13,1,45,50,TRUE,NA,NA,NA,NA,NA,Free Agent,-13,3,0,0,1,-4.333333333333333
Aaron Civale,40934,2,1,46,46,FALSE,NA,NA,NA,NA,NA,Free Agent,13.5,1,0,1,0,13.5
Addison Barger,4997589,14,1,46,47,FALSE,NA,NA,NA,NA,NA,Free Agent,3.5,1,1,0,0,3.5
Dustin May,40937,5,1,46,46,FALSE,NA,NA,NA,NA,NA,Free Agent,21.5,1,0,1,0,21.5
Eduardo Rodriguez,32675,8,1,46,157,FALSE,NA,NA,NA,NA,NA,Free Agent,245.5,16,0,1,0,15.34375
Gus Varland,41552,11,0,46,48,TRUE,NA,NA,NA,NA,NA,Free Agent,-7,1,0,0,1,-7
Logan Henderson,4917878,9,0,46,157,FALSE,NA,NA,NA,NA,NA,Free Agent,147,8,0,1,0,18.375
Brenan Hanifee,40485,12,0,47,47,TRUE,NA,NA,NA,NA,NA,Free Agent,0,1,0,0,1,0
Jameson Taillon,31258,5,1,47,47,FALSE,NA,NA,NA,NA,NA,Free Agent,12.5,1,0,1,0,12.5
Luis Severino,33263,2,1,47,47,FALSE,NA,NA,NA,NA,NA,Free Agent,8,1,0,1,0,8
Andrew Abbott,4414528,12,2,48,54,FALSE,NA,NA,NA,NA,NA,Free Agent,9.5,1,0,1,0,9.5
Bryan King,5201821,12,1,48,50,TRUE,NA,NA,NA,NA,NA,Free Agent,-1.5,2,0,0,1,-0.75
Carmen Mlodzinski,4298378,5,0,48,51,TRUE,NA,NA,NA,NA,NA,Free Agent,7.5,1,0,1,0,7.5
Connor Prielipp,4620001,5,0,48,61,FALSE,NA,NA,NA,NA,NA,Free Agent,19.5,2,0,1,0,9.75
Evan Carter,4917921,14,1,48,81,FALSE,NA,NA,NA,NA,NA,Free Agent,38,26,1,0,0,1.4615384615384615
Heliot Ramos,39642,6,4,48,48,FALSE,NA,NA,NA,NA,NA,Free Agent,6.5,1,1,0,0,6.5
J.P. Crawford,33210,6,2,48,81,FALSE,NA,NA,NA,NA,NA,Free Agent,60.5,22,1,0,0,2.75
Jake McCarthy,41197,1,0,48,55,FALSE,NA,NA,NA,NA,NA,Free Agent,10.5,6,1,0,0,1.75
Kris Bubic,41201,12,1,48,81,FALSE,NA,NA,6,6 12,3,Trade,-0.5,1,0,1,0,-0.5
Louis Varland,4917888,12,1,48,132,TRUE,NA,NA,6,6 12,3,Trade,170,32,0,0,1,5.3125
Luke Raley,40422,2,2,48,48,FALSE,NA,NA,NA,NA,NA,Free Agent,1.5,1,1,0,0,1.5
Peyton Gray,4187628,12,0,48,48,TRUE,NA,NA,NA,NA,NA,Free Agent,9,1,0,0,1,9
Tarik Skubal,42409,6,1,48,69,FALSE,NA,NA,12,6 12,3,Trade,0,0,NA,NA,NA,0
A.J. Ewing,5208019,9,0,49,66,FALSE,NA,NA,NA,NA,NA,Free Agent,33.5,17,1,0,0,1.9705882352941178
Anthony Volpe,42547,11,1,49,77,FALSE,NA,NA,NA,NA,NA,Free Agent,15,11,1,0,0,1.3636363636363635
Garrett Whitlock,39674,2,4,49,62,TRUE,NA,NA,NA,NA,NA,Free Agent,16,5,0,0,1,3.2
Henry Bolte,5080756,2,0,49,53,FALSE,NA,NA,NA,NA,NA,Free Agent,0.5,2,1,0,0,0.25
Jason Adam,32145,6,3,49,50,TRUE,NA,NA,NA,NA,NA,Free Agent,2,1,0,0,1,2
JoJo Romero,40456,12,2,49,73,TRUE,NA,NA,NA,NA,NA,Free Agent,22.5,9,0,0,1,2.5
MacKenzie Gore,39636,2,1,49,157,FALSE,NA,NA,NA,NA,NA,Free Agent,234.5,18,0,1,0,13.027777777777779
Stephen Kolek,5190073,4,0,49,49,FALSE,NA,NA,NA,NA,NA,Free Agent,3.5,1,0,1,0,3.5
Chase Meidroth,5136929,4,1,50,57,FALSE,NA,NA,NA,NA,NA,Free Agent,12.5,7,1,0,0,1.7857142857142858
Graham Ashcraft,4084179,2,1,50,66,TRUE,NA,NA,NA,NA,NA,Free Agent,13,6,0,0,1,2.1666666666666665
Heliot Ramos,39642,1,5,50,53,FALSE,NA,NA,NA,NA,NA,Free Agent,0,1,1,0,0,0
Zack Gelof,4414531,11,0,50,157,FALSE,NA,NA,NA,NA,NA,Free Agent,148.5,58,1,0,0,2.560344827586207
Adrian Morejon,40917,13,1,51,57,TRUE,25,290,NA,NA,NA,Free Agent,14.5,3,0,0,1,4.833333333333333
Chase Dollander,4719068,6,1,51,51,TRUE,NA,NA,NA,NA,NA,Free Agent,-8.5,1,0,1,0,-8.5
Keider Montero,5182933,12,0,51,51,TRUE,NA,NA,NA,NA,NA,Free Agent,3,1,0,1,0,3
Luis Severino,33263,13,2,51,53,FALSE,NA,NA,NA,NA,NA,Free Agent,4,1,0,1,0,4
Mason Montgomery,4424112,2,0,51,52,TRUE,NA,NA,NA,NA,NA,Free Agent,5,1,0,0,1,5
Peter Lambert,39898,12,0,51,61,TRUE,NA,NA,NA,NA,NA,Free Agent,16,2,0,1,0,8
Samuel Basallo,4917646,6,2,51,73,FALSE,NA,NA,NA,NA,NA,Free Agent,47,18,1,0,0,2.611111111111111
Aaron Civale,40934,14,2,52,52,FALSE,NA,NA,NA,NA,NA,Free Agent,6.5,1,0,1,0,6.5
Carson Benge,4925604,4,2,52,157,FALSE,NA,NA,NA,NA,NA,Free Agent,249.5,89,1,0,0,2.803370786516854
Dylan Lee,41455,9,0,52,157,TRUE,NA,NA,NA,NA,NA,Free Agent,149.5,42,0,0,1,3.5595238095238093
Grant Holmes,33840,13,2,52,52,FALSE,NA,NA,NA,NA,NA,Free Agent,0,0,NA,NA,NA,0
Ian Seymour,4669425,12,0,52,54,TRUE,NA,NA,NA,NA,NA,Free Agent,9,2,0,0,1,4.5
Jeffrey Springs,35397,13,2,52,52,FALSE,NA,NA,NA,NA,NA,Free Agent,0,0,NA,NA,NA,0
Luis Garcia Jr.,40459,6,1,52,55,FALSE,NA,NA,NA,NA,NA,Free Agent,3,4,1,0,0,0.75
Luke Raley,40422,7,3,52,95,FALSE,NA,NA,NA,NA,NA,Free Agent,39,30,1,0,0,1.3
Nick Gonzales,4311634,5,1,52,65,FALSE,NA,NA,NA,NA,NA,Free Agent,-0.5,2,1,0,0,-0.25
Andres Gimenez,37729,13,2,53,54,FALSE,NA,NA,NA,NA,NA,Free Agent,-1,2,1,0,0,-0.5
Chris Bassitt,33148,8,0,53,56,FALSE,NA,NA,NA,NA,NA,Free Agent,4,1,0,1,0,4
Grant Holmes,33840,2,3,53,55,FALSE,NA,NA,13,2 13,4,Trade,21.5,1,0,1,0,21.5
Jameson Taillon,31258,14,2,53,60,FALSE,NA,NA,NA,NA,NA,Free Agent,-5,2,0,1,0,-2.5
Jeffrey Springs,35397,2,3,53,54,FALSE,NA,NA,13,2 13,4,Trade,17.5,1,0,1,0,17.5
Matt Chapman,33857,13,1,53,133,FALSE,NA,NA,2,2 13,4,Trade,93,34,1,0,0,2.735294117647059
Pete Fairbanks,42180,13,1,53,157,TRUE,23,266,NA,NA,NA,Free Agent,104,34,0,0,1,3.0588235294117645
Spencer Jones,4867424,14,1,53,54,FALSE,NA,NA,NA,NA,NA,Free Agent,-1,1,1,0,0,-1
Austin Martin,4297998,9,1,54,54,FALSE,NA,NA,NA,NA,NA,Free Agent,2.5,1,1,0,0,2.5
Colin Rea,33950,2,0,54,54,FALSE,NA,NA,NA,NA,NA,Free Agent,3,1,0,1,0,3
Jac Caglianone,4926296,1,2,54,157,FALSE,NA,NA,NA,NA,NA,Free Agent,231.5,77,1,0,0,3.0064935064935066
Jack Flaherty,33837,13,2,54,54,FALSE,NA,NA,NA,NA,NA,Free Agent,8.5,1,0,1,0,8.5
Adolis Garcia,35537,13,3,55,57,FALSE,NA,NA,NA,NA,NA,Free Agent,1.5,3,1,0,0,0.5
Ben Brown,41516,5,3,55,59,TRUE,NA,NA,NA,NA,NA,Free Agent,6.5,1,0,1,0,6.5
Brady House,4872681,14,1,55,65,FALSE,NA,NA,NA,NA,NA,Free Agent,3,1,1,0,0,3
Brayan Rocchio,41217,2,3,55,92,FALSE,NA,NA,NA,NA,NA,Free Agent,58,32,1,0,0,1.8125
Colt Emerson,5149068,11,0,55,93,FALSE,NA,NA,NA,NA,NA,Free Agent,27,16,1,0,0,1.6875
Daniel Palencia,4875225,6,2,55,83,TRUE,NA,NA,NA,NA,NA,Free Agent,12.5,8,0,0,1,1.5625
Gavin Sheets,40700,9,1,55,65,FALSE,NA,NA,NA,NA,NA,Free Agent,8.5,7,1,0,0,1.2142857142857142
Jackson Holliday,5080633,6,1,55,157,FALSE,14,168,NA,NA,NA,Free Agent,124.5,68,1,0,0,1.8308823529411764
Kody Clemens,41311,4,0,55,59,FALSE,NA,NA,NA,NA,NA,Free Agent,3,4,1,0,0,0.75
Merrill Kelly,32968,12,2,55,73,FALSE,16,190,NA,NA,NA,Free Agent,35.5,4,0,1,0,8.875
Nathaniel Lowe,40538,14,1,55,55,FALSE,NA,NA,NA,NA,NA,Free Agent,1.5,1,1,0,0,1.5
Royce Lewis,40635,2,1,55,62,FALSE,NA,NA,NA,NA,NA,Free Agent,0,0,NA,NA,NA,0
Ryan Zeferjahn,4722057,13,0,55,57,TRUE,NA,NA,NA,NA,NA,Free Agent,-4,2,0,0,1,-2
Ryne Nelson,4916269,4,1,55,56,TRUE,NA,NA,NA,NA,NA,Free Agent,14,1,0,1,0,14
Seth Lugo,34873,2,2,55,55,FALSE,NA,NA,NA,NA,NA,Free Agent,18,1,0,1,0,18
Shane Drohan,4315203,12,0,55,55,TRUE,NA,NA,NA,NA,NA,Free Agent,14,1,0,1,0,14
Yuki Matsui,4142414,12,0,55,71,TRUE,NA,NA,NA,NA,NA,Free Agent,14,3,0,0,1,4.666666666666667
Cade Cavalli,4308037,6,2,56,58,FALSE,NA,NA,NA,NA,NA,Free Agent,25.5,1,0,1,0,25.5
Dylan Crews,4719511,2,1,56,63,FALSE,NA,NA,NA,NA,NA,Free Agent,10,6,1,0,0,1.6666666666666667
Ernie Clement,41287,14,2,56,157,FALSE,NA,NA,NA,NA,NA,Free Agent,173,84,1,0,0,2.0595238095238093
J.T. Ginn,4414002,2,0,56,96,FALSE,NA,NA,NA,NA,NA,Free Agent,92.5,7,0,1,0,13.214285714285714
Andres Gimenez,37729,2,3,57,72,FALSE,NA,NA,NA,NA,NA,Free Agent,9.5,14,1,0,0,0.6785714285714286
Brett Baty,42414,4,2,57,62,FALSE,NA,NA,NA,NA,NA,Free Agent,8.5,6,1,0,0,1.4166666666666667
Gabriel Moreno,42464,1,0,57,88,FALSE,NA,NA,NA,NA,NA,Free Agent,66,22,1,0,0,3
Grant Taylor,4927630,4,1,57,90,TRUE,NA,NA,NA,NA,NA,Free Agent,27,9,0,0,1,3
Jack Leiter,4622181,12,2,57,57,FALSE,NA,NA,NA,NA,NA,Free Agent,3.5,1,0,1,0,3.5
Zebby Matthews,4791597,8,0,57,79,FALSE,NA,NA,NA,NA,NA,Free Agent,-2,1,0,1,0,-2
Carlos Cortes,41595,13,1,58,68,FALSE,NA,NA,NA,NA,NA,Free Agent,17.5,9,1,0,0,1.9444444444444444
Keegan Thompson,41086,12,0,58,60,TRUE,NA,NA,NA,NA,NA,Free Agent,5.5,1,0,0,1,5.5
Luis Severino,33263,13,3,58,59,FALSE,NA,NA,NA,NA,NA,Free Agent,29,1,0,1,0,29
Miguel Andujar,33743,11,0,58,68,FALSE,NA,NA,NA,NA,NA,Free Agent,5,8,1,0,0,0.625
Reynaldo Lopez,33860,13,1,58,61,TRUE,NA,NA,NA,NA,NA,Free Agent,4,1,0,0,1,4
Roki Sasaki,5134638,1,0,58,68,FALSE,NA,NA,NA,NA,NA,Free Agent,27.5,2,0,1,0,13.75
Ryan Waldschmidt,5129344,4,1,58,68,FALSE,NA,NA,NA,NA,NA,Free Agent,16.5,10,1,0,0,1.65
Spencer Horwitz,4228472,6,0,58,95,FALSE,NA,NA,NA,NA,NA,Free Agent,80,27,1,0,0,2.962962962962963
Jacob Young,4414210,8,1,59,87,FALSE,NA,NA,NA,NA,NA,Free Agent,31.5,20,1,0,0,1.575
Trevor McDonald,5185136,8,0,59,59,FALSE,NA,NA,NA,NA,NA,Free Agent,-3.5,1,0,1,0,-3.5
Walbert Urena,5197476,9,0,59,60,FALSE,NA,NA,NA,NA,NA,Free Agent,12.5,1,0,1,0,12.5
Zac Gallen,39910,6,1,59,61,FALSE,NA,NA,NA,NA,NA,Free Agent,9,1,0,1,0,9
Giancarlo Stanton,30583,5,1,60,68,FALSE,NA,NA,NA,NA,NA,Free Agent,0,0,NA,NA,NA,0
Grant Holmes,33840,8,4,60,71,FALSE,NA,NA,NA,NA,NA,Free Agent,36,3,0,1,0,12
Jake Burger,39882,11,3,60,132,FALSE,NA,NA,NA,NA,NA,Free Agent,128.5,54,1,0,0,2.3796296296296298
Jake McCarthy,41197,13,1,60,79,FALSE,NA,NA,NA,NA,NA,Free Agent,39,13,1,0,0,3
Ramon Laureano,35142,6,4,60,64,FALSE,NA,NA,NA,NA,NA,Free Agent,4.5,4,1,0,0,1.125
Ryne Nelson,4916269,4,2,60,61,TRUE,NA,NA,NA,NA,NA,Free Agent,21.5,1,0,1,0,21.5
Justin Foscue,4298639,9,0,61,61,FALSE,NA,NA,NA,NA,NA,Free Agent,-1,1,1,0,0,-1
Noah Schultz,5080754,13,2,61,62,FALSE,NA,NA,NA,NA,NA,Free Agent,-6.5,1,0,1,0,-6.5
Seth Lugo,34873,12,3,61,62,FALSE,NA,NA,NA,NA,NA,Free Agent,14,1,0,1,0,14
Stephen Kolek,5190073,14,1,61,109,FALSE,NA,NA,NA,NA,NA,Free Agent,1,4,0,1,0,0.25
Abner Uribe,4917865,13,2,62,66,TRUE,NA,NA,NA,NA,NA,Free Agent,6,2,0,0,1,3
Alec Bohm,41169,12,1,62,64,FALSE,NA,NA,NA,NA,NA,Free Agent,3,3,1,0,0,1
Austin Martin,4297998,9,2,62,65,FALSE,NA,NA,NA,NA,NA,Free Agent,0.5,3,1,0,0,0.16666666666666666
Cade Cavalli,4308037,6,3,62,88,FALSE,NA,NA,NA,NA,NA,Free Agent,41,5,0,1,0,8.2
Emmet Sheehan,4417806,5,2,62,65,FALSE,10,116,NA,NA,NA,Free Agent,21,1,0,1,0,21
Masyn Winn,4683365,13,3,62,69,FALSE,NA,NA,NA,NA,NA,Free Agent,6.5,7,1,0,0,0.9285714285714286
Randy Vasquez,4722847,6,1,62,63,FALSE,NA,NA,NA,NA,NA,Free Agent,2.5,1,0,1,0,2.5
Tommy Troy,4837403,4,0,62,69,FALSE,NA,NA,NA,NA,NA,Free Agent,15,6,1,0,0,2.5
Andrew Vaughn,42394,2,2,63,97,FALSE,19,224,NA,NA,NA,Free Agent,61,24,1,0,0,2.5416666666666665
Jason Adam,32145,13,4,63,77,TRUE,NA,NA,NA,NA,NA,Free Agent,17.5,8,0,0,1,2.1875
Jose Altuve,31662,4,1,63,157,FALSE,NA,NA,NA,NA,NA,Free Agent,141,66,1,0,0,2.1363636363636362
Luinder Avila,5201985,12,0,63,63,TRUE,NA,NA,NA,NA,NA,Free Agent,-4,1,0,0,1,-4
Luis Garcia Jr.,40459,2,2,63,157,FALSE,20,233,NA,NA,NA,Free Agent,254.5,73,1,0,0,3.4863013698630136
Andrew Abbott,4414528,2,3,64,68,FALSE,NA,NA,NA,NA,NA,Free Agent,14.5,1,0,1,0,14.5
Ben Brown,41516,9,4,64,93,TRUE,NA,NA,NA,NA,NA,Free Agent,72,4,0,1,0,18
Carter Jensen,4917812,7,2,64,157,FALSE,NA,NA,NA,NA,NA,Free Agent,181.5,75,1,0,0,2.42
Julio Rodriguez,41044,9,1,64,157,FALSE,NA,NA,6,6 9,5,Trade,160,67,1,0,0,2.388059701492537
Logan Gilbert,41221,6,1,64,157,FALSE,NA,NA,9,6 9,5,Trade,253,14,0,1,0,18.071428571428573
Ryne Nelson,4916269,12,3,64,67,TRUE,NA,NA,NA,NA,NA,Free Agent,3.5,1,0,1,0,3.5
Seiya Suzuki,4142424,6,1,64,69,FALSE,NA,NA,9,6 9,5,Trade,10.5,5,1,0,0,2.1
Chase Meidroth,5136929,12,2,65,65,FALSE,NA,NA,NA,NA,NA,Free Agent,0.5,1,1,0,0,0.5
Grayson Rodriguez,41196,6,2,65,65,FALSE,17,193,NA,NA,NA,Free Agent,15,1,0,1,0,15
Reid Detmers,4326697,7,2,65,157,TRUE,NA,NA,NA,NA,NA,Free Agent,234.5,13,0,1,0,18.03846153846154
Yoendrys Gomez,42898,9,0,65,87,TRUE,NA,NA,NA,NA,NA,Free Agent,38.5,10,0,0,1,3.85
Andre Pallante,4109034,14,0,66,122,FALSE,NA,NA,NA,NA,NA,Free Agent,89,9,0,1,0,9.88888888888889
Bryan Torres,5125653,9,0,66,68,FALSE,NA,NA,NA,NA,NA,Free Agent,0,1,1,0,0,0
Cam Smith,5080766,12,3,66,73,FALSE,NA,NA,NA,NA,NA,Free Agent,11,4,1,0,0,2.75
Chase Meidroth,5136929,5,3,66,157,FALSE,NA,NA,NA,NA,NA,Free Agent,172.5,73,1,0,0,2.363013698630137
Christian Scott,4414215,5,0,66,83,FALSE,NA,NA,NA,NA,NA,Free Agent,35.5,3,0,1,0,11.833333333333334
Ian Seymour,4669425,12,1,66,75,TRUE,NA,NA,NA,NA,NA,Free Agent,-2,2,0,0,1,-1
Leody Taveras,34951,6,2,66,66,FALSE,NA,NA,NA,NA,NA,Free Agent,2,1,1,0,0,2
Nathaniel Lowe,40538,9,2,66,71,FALSE,NA,NA,NA,NA,NA,Free Agent,5.5,5,1,0,0,1.1
Paul Goldschmidt,31027,14,1,66,141,FALSE,NA,NA,NA,NA,NA,Free Agent,111,52,1,0,0,2.1346153846153846
Tyler Phillips,41247,2,0,66,66,TRUE,NA,NA,NA,NA,NA,Free Agent,0,0,NA,NA,NA,0
Curtis Mead,42360,14,1,67,126,FALSE,NA,NA,NA,NA,NA,Free Agent,78.5,31,1,0,0,2.532258064516129
Gavin Sheets,40700,6,2,67,68,FALSE,NA,NA,NA,NA,NA,Free Agent,-1,2,1,0,0,-0.5
Jung Hoo Lee,5134621,9,2,67,109,FALSE,NA,NA,NA,NA,NA,Free Agent,109.5,38,1,0,0,2.8815789473684212
Keaton Winn,5116843,2,0,67,76,TRUE,NA,NA,NA,NA,NA,Free Agent,5,4,0,0,1,1.25
Sam Bachman,4621489,2,0,67,72,TRUE,NA,NA,NA,NA,NA,Free Agent,6,1,0,0,1,6
Seth Lugo,34873,13,4,67,68,FALSE,NA,NA,NA,NA,NA,Free Agent,20.5,1,0,1,0,20.5
Alec Bohm,41169,12,2,68,68,FALSE,NA,NA,NA,NA,NA,Free Agent,1.5,1,1,0,0,1.5
Trevor Megill,40080,6,2,68,73,TRUE,23,265,NA,NA,NA,Free Agent,6.5,3,0,0,1,2.1666666666666665
Bryce Eldridge,5149064,4,1,69,69,FALSE,NA,NA,NA,NA,NA,Free Agent,0.5,1,1,0,0,0.5
Chad Patrick,5131708,12,0,69,71,TRUE,NA,NA,NA,NA,NA,Free Agent,16,2,0,0.5,0.5,8
David Sandlin,4960696,5,0,69,72,TRUE,NA,NA,NA,NA,NA,Free Agent,-10,1,0,1,0,-10
Emmet Sheehan,4417806,5,3,69,103,FALSE,10,116,NA,NA,NA,Free Agent,37,5,0,1,0,7.4
Jacob Wilson,4719300,6,1,69,152,FALSE,11,121,NA,NA,NA,Free Agent,95,41,1,0,0,2.317073170731707
Joc Pederson,31392,1,0,69,70,FALSE,NA,NA,NA,NA,NA,Free Agent,11.5,2,1,0,0,5.75
Jorge Mateo,33832,9,0,69,72,FALSE,NA,NA,NA,NA,NA,Free Agent,-1.5,2,1,0,0,-0.75
Kerry Carpenter,42714,13,2,69,75,FALSE,NA,NA,NA,NA,NA,Free Agent,18,5,1,0,0,3.6
Kody Clemens,41311,11,1,69,157,FALSE,NA,NA,NA,NA,NA,Free Agent,191.5,68,1,0,0,2.8161764705882355
Lucas Erceg,36618,13,2,69,75,TRUE,NA,NA,NA,NA,NA,Free Agent,5.5,3,0,0,1,1.8333333333333333
Spencer Torkelson,4424286,2,2,69,69,FALSE,NA,NA,NA,NA,NA,Free Agent,-0.5,1,1,0,0,-0.5
Dylan Crews,4719511,13,2,70,71,FALSE,NA,NA,NA,NA,NA,Free Agent,1,2,1,0,0,0.5
Josh Hader,32760,11,1,70,157,TRUE,NA,NA,5,5 11,7,Trade,181.5,35,0,0,1,5.185714285714286
Kevin McGonigle,5149072,4,1,70,157,FALSE,NA,NA,6,4 6,6,Trade,214,71,1,0,0,3.0140845070422535
Matthew Boyd,34401,2,1,70,79,FALSE,12,137,NA,NA,NA,Free Agent,0,0,NA,NA,NA,0
Nathan Lukes,35682,4,0,70,75,FALSE,NA,NA,NA,NA,NA,Free Agent,16.5,6,1,0,0,2.75
Seiya Suzuki,4142424,4,2,70,157,FALSE,NA,NA,6,4 6,6,Trade,261.5,71,1,0,0,3.683098591549296
TJ Rumfield,5014349,5,2,70,157,FALSE,NA,NA,11,5 11,7,Trade,187,72,1,0,0,2.5972222222222223
Tanner Scott,35135,6,3,70,157,TRUE,24,288,NA,NA,NA,Free Agent,128,31,0,0,1,4.129032258064516
Tarik Skubal,42409,4,2,70,157,FALSE,NA,NA,6,4 6,6,Trade,247.5,13,0,1,0,19.03846153846154
Taylor Ward,34923,6,1,70,157,FALSE,NA,NA,4,4 6,6,Trade,119,66,1,0,0,1.803030303030303
Yordan Alvarez,36018,6,1,70,157,FALSE,NA,NA,4,4 6,6,Trade,288,73,1,0,0,3.9452054794520546
Nick Gonzales,4311634,8,2,71,88,FALSE,NA,NA,NA,NA,NA,Free Agent,29.5,16,1,0,0,1.84375
Seth Lugo,34873,1,5,71,72,FALSE,NA,NA,NA,NA,NA,Free Agent,2.5,1,0,1,0,2.5
Shane Baz,39639,1,1,71,80,FALSE,NA,NA,NA,NA,NA,Free Agent,10.5,1,0,1,0,10.5
Troy Johnston,4346111,8,2,71,157,FALSE,NA,NA,NA,NA,NA,Free Agent,98.5,54,1,0,0,1.8240740740740742
Walbert Urena,5197476,8,1,71,95,FALSE,NA,NA,NA,NA,NA,Free Agent,63,5,0,1,0,12.6
Caleb Durbin,5007615,9,1,72,72,FALSE,NA,NA,NA,NA,NA,Free Agent,1,1,1,0,0,1
Isiah Kiner-Falefa,33572,12,0,72,72,FALSE,NA,NA,NA,NA,NA,Free Agent,0,1,1,0,0,0
Ryan Waldschmidt,5129344,13,2,72,75,FALSE,NA,NA,NA,NA,NA,Free Agent,2.5,2,1,0,0,1.25
Troy Melton,5294127,8,0,72,80,TRUE,NA,NA,NA,NA,NA,Free Agent,4.5,1,0,1,0,4.5
Wilber Dotel,5332991,12,0,72,77,TRUE,NA,NA,NA,NA,NA,Free Agent,-17.5,1,0,0,1,-17.5
Andrew Benintendi,34986,1,0,73,80,FALSE,NA,NA,NA,NA,NA,Free Agent,11.5,6,1,0,0,1.9166666666666667
Brandon Young,4414339,2,1,73,73,FALSE,NA,NA,NA,NA,NA,Free Agent,15,1,0,1,0,15
Bryce Eldridge,5149064,4,2,73,134,FALSE,NA,NA,NA,NA,NA,Free Agent,121.5,49,1,0,0,2.479591836734694
Gavin Sheets,40700,5,3,73,127,FALSE,NA,NA,NA,NA,NA,Free Agent,80.5,44,1,0,0,1.8295454545454546
Joc Pederson,31392,9,1,73,78,FALSE,NA,NA,NA,NA,NA,Free Agent,3,5,1,0,0,0.6
Kevin Kelly,5001153,2,0,73,85,TRUE,NA,NA,NA,NA,NA,Free Agent,16,5,0,0,1,3.2
Noah Cameron,4417208,9,3,73,86,FALSE,NA,NA,NA,NA,NA,Free Agent,31,3,0,1,0,10.333333333333334
Roki Sasaki,5134638,12,1,73,94,FALSE,NA,NA,NA,NA,NA,Free Agent,41.5,4,0,1,0,10.375
Jack Leiter,4622181,2,3,74,74,FALSE,NA,NA,NA,NA,NA,Free Agent,-1.5,1,0,1,0,-1.5
Keibert Ruiz,38827,6,0,74,75,FALSE,NA,NA,NA,NA,NA,Free Agent,6,2,1,0,0,3
Lars Nootbaar,4448736,9,0,74,143,FALSE,NA,NA,NA,NA,NA,Free Agent,97,53,1,0,0,1.830188679245283
Masyn Winn,4683365,6,4,74,74,FALSE,NA,NA,NA,NA,NA,Free Agent,3,1,1,0,0,3
Noelvi Marte,41307,12,1,74,91,FALSE,NA,NA,NA,NA,NA,Free Agent,27.5,11,1,0,0,2.5
Royce Lewis,40635,12,2,74,75,FALSE,NA,NA,NA,NA,NA,Free Agent,-0.5,1,1,0,0,-0.5
Spencer Arrighetti,4726080,12,2,74,83,FALSE,NA,NA,NA,NA,NA,Free Agent,25.5,2,0,1,0,12.75
Andres Gimenez,37729,6,4,75,78,FALSE,NA,NA,NA,NA,NA,Free Agent,5.5,4,1,0,0,1.375
Randy Vasquez,4722847,4,2,75,75,FALSE,NA,NA,NA,NA,NA,Free Agent,-2,1,0,1,0,-2
Trevor McDonald,5185136,2,1,75,75,FALSE,NA,NA,NA,NA,NA,Free Agent,13.5,1,0,1,0,13.5
Alex Lange,40976,8,0,76,157,TRUE,NA,NA,NA,NA,NA,Free Agent,36,23,0,0,1,1.565217391304348
Angel Martinez,42497,13,3,76,83,FALSE,NA,NA,NA,NA,NA,Free Agent,16.5,5,1,0,0,3.3
Brad Keller,35292,13,1,76,84,TRUE,NA,NA,NA,NA,NA,Free Agent,2,3,0,0,1,0.6666666666666666
Brandon Woodruff,37515,6,1,76,103,FALSE,NA,NA,2,2 6,8,Trade,8.5,1,0,1,0,8.5
Colton Cowser,4416990,13,1,76,120,FALSE,NA,NA,NA,NA,NA,Free Agent,33,32,1,0,0,1.03125
Dustin May,40937,6,2,76,155,FALSE,NA,NA,NA,NA,NA,Free Agent,123,11,0,1,0,11.181818181818182
Hogan Harris,41364,12,0,76,80,TRUE,NA,NA,NA,NA,NA,Free Agent,8.5,2,0,0,1,4.25
Jared Jones,4918156,4,1,76,80,FALSE,NA,NA,NA,NA,NA,Free Agent,0,0,0,1,0,0
Jeff Hoffman,33841,2,1,76,80,TRUE,22,257,NA,NA,NA,Free Agent,7,2,0,0,1,3.5
Luke Keaschall,4977664,4,1,76,76,FALSE,11,124,NA,NA,NA,Free Agent,0,0,NA,NA,NA,0
Ryan Weathers,41178,2,2,76,151,FALSE,NA,NA,6,2 6,8,Trade,160.5,13,0,1,0,12.346153846153847
Samuel Basallo,4917646,6,3,76,82,FALSE,NA,NA,NA,NA,NA,Free Agent,8.5,6,1,0,0,1.4166666666666667
Trevor Larnach,41205,7,1,76,80,FALSE,NA,NA,NA,NA,NA,Free Agent,-1,3,1,0,0,-0.3333333333333333
Trevor Megill,40080,12,3,76,82,TRUE,NA,NA,NA,NA,NA,Free Agent,8.5,2,0,0,1,4.25
Braden Montgomery,4950345,4,0,77,89,FALSE,NA,NA,NA,NA,NA,Free Agent,19,11,1,0,0,1.7272727272727273
Dalton Rushing,4619839,2,2,77,90,FALSE,NA,NA,NA,NA,NA,Free Agent,11,11,1,0,0,1
Andres Munoz,40939,12,2,78,82,TRUE,NA,NA,NA,NA,NA,Free Agent,-5.5,1,0,0,1,-5.5
Seth Lugo,34873,13,6,78,78,FALSE,NA,NA,NA,NA,NA,Free Agent,6.5,1,0,1,0,6.5
Spencer Jones,4867424,11,2,78,89,FALSE,NA,NA,NA,NA,NA,Free Agent,13,8,1,0,0,1.625
Blaze Alexander,41345,9,0,79,79,FALSE,NA,NA,NA,NA,NA,Free Agent,-1,0,NA,NA,NA,-Inf
Dennis Santana,39801,13,1,79,82,TRUE,NA,NA,NA,NA,NA,Free Agent,3,1,0,0,1,3
Josh Bell,32517,12,1,79,79,FALSE,NA,NA,NA,NA,NA,Free Agent,0.5,1,1,0,0,0.5
Masyn Winn,4683365,6,5,79,79,FALSE,NA,NA,NA,NA,NA,Free Agent,2.5,1,1,0,0,2.5
Abner Uribe,4917865,2,3,80,81,TRUE,NA,NA,NA,NA,NA,Free Agent,0,0,NA,NA,NA,0
Alejandro Kirk,42081,12,1,80,106,FALSE,NA,NA,NA,NA,NA,Free Agent,28,17,1,0,0,1.6470588235294117
Gage Jump,5023852,8,0,80,80,FALSE,NA,NA,NA,NA,NA,Free Agent,9.5,1,0,1,0,9.5
Jack Leiter,4622181,13,4,80,82,FALSE,NA,NA,NA,NA,NA,Free Agent,2,1,0,1,0,2
Ryan Helsley,39909,6,1,80,100,TRUE,NA,NA,NA,NA,NA,Free Agent,6,5,0,0,1,1.2
Tatsuya Imai,5330833,9,2,80,80,FALSE,NA,NA,NA,NA,NA,Free Agent,-11.5,1,0,1,0,-11.5
Alec Bohm,41169,1,3,81,101,FALSE,NA,NA,NA,NA,NA,Free Agent,34.5,17,1,0,0,2.0294117647058822
Andrew Abbott,4414528,8,4,81,87,FALSE,NA,NA,NA,NA,NA,Free Agent,12.5,1,0,1,0,12.5
Bubba Chandler,4683325,8,1,81,103,FALSE,13,154,NA,NA,NA,Free Agent,45,4,0,1,0,11.25
Cole Carrigg,5149102,1,0,81,157,FALSE,NA,NA,NA,NA,NA,Free Agent,162.5,58,1,0,0,2.8017241379310347
Dominic Canzone,4345621,9,2,81,121,FALSE,NA,NA,NA,NA,NA,Free Agent,51.5,23,1,0,0,2.239130434782609
Jeffrey Springs,35397,7,4,81,82,FALSE,NA,NA,NA,NA,NA,Free Agent,-2,1,0,1,0,-2
Jordan Lawlar,4872649,4,1,81,81,FALSE,22,261,NA,NA,NA,Free Agent,0,0,NA,NA,NA,0
Kerry Carpenter,42714,2,3,81,84,FALSE,NA,NA,NA,NA,NA,Free Agent,1,3,1,0,0,0.3333333333333333
Luis Castillo,35124,2,1,81,81,FALSE,NA,NA,NA,NA,NA,Free Agent,9,1,0,1,0,9
Royce Lewis,40635,12,3,81,116,FALSE,NA,NA,NA,NA,NA,Free Agent,69,25,1,0,0,2.76
Anthony Volpe,42547,6,2,82,82,FALSE,NA,NA,NA,NA,NA,Free Agent,4.5,1,1,0,0,4.5
Blaze Jordan,4722953,12,0,82,83,FALSE,NA,NA,NA,NA,NA,Free Agent,0,1,1,0,0,0
Brandon Young,4414339,9,2,82,82,FALSE,NA,NA,NA,NA,NA,Free Agent,0,0,NA,NA,NA,0
Grayson Rodriguez,41196,2,3,82,82,FALSE,NA,NA,NA,NA,NA,Free Agent,0,0,0,1,0,0
Ian Seymour,4669425,2,2,82,82,TRUE,NA,NA,NA,NA,NA,Free Agent,5,1,0,0,1,5
Jake McCarthy,41197,4,2,82,82,FALSE,NA,NA,NA,NA,NA,Free Agent,0,0,NA,NA,NA,0
Tristan Peters,5085893,14,0,82,94,FALSE,NA,NA,NA,NA,NA,Free Agent,28,10,1,0,0,2.8
Dylan Crews,4719511,13,3,83,157,FALSE,NA,NA,NA,NA,NA,Free Agent,136.5,62,1,0,0,2.2016129032258065
Gage Jump,5023852,9,1,83,120,FALSE,NA,NA,NA,NA,NA,Free Agent,53.5,5,0,1,0,10.7
Hogan Harris,41364,12,1,83,87,TRUE,NA,NA,NA,NA,NA,Free Agent,-0.5,2,0,0,1,-0.25
Jasson Dominguez,42401,4,1,83,83,FALSE,NA,NA,NA,NA,NA,Free Agent,0,0,NA,NA,NA,0
Javier Assad,5002950,12,0,83,85,TRUE,NA,NA,NA,NA,NA,Free Agent,9,1,0,1,0,9
Josh Bell,32517,2,2,83,157,FALSE,NA,NA,NA,NA,NA,Free Agent,174.5,57,1,0,0,3.06140350877193
Kenley Jansen,29630,13,1,83,100,TRUE,NA,NA,NA,NA,NA,Free Agent,7.5,5,0,0,1,1.5
Luke Keaschall,4977664,6,2,83,83,FALSE,NA,NA,NA,NA,NA,Free Agent,-0.5,1,1,0,0,-0.5
Masyn Winn,4683365,6,6,83,84,FALSE,NA,NA,NA,NA,NA,Free Agent,3,1,1,0,0,3
Samad Taylor,39710,2,0,83,102,FALSE,NA,NA,NA,NA,NA,Free Agent,31.5,15,1,0,0,2.1
Willi Castro,34230,7,2,83,157,FALSE,NA,NA,NA,NA,NA,Free Agent,85,38,1,0,0,2.236842105263158
Brandon Young,4414339,12,3,84,84,FALSE,NA,NA,NA,NA,NA,Free Agent,13,1,0,1,0,13
Elvis Alvarado,42211,12,0,84,92,TRUE,NA,NA,NA,NA,NA,Free Agent,3,4,0,0,1,0.75
J.P. Crawford,33210,6,3,84,119,FALSE,NA,NA,NA,NA,NA,Free Agent,34,27,1,0,0,1.2592592592592593
Jordan Lawlar,4872649,4,2,84,87,FALSE,22,261,NA,NA,NA,Free Agent,6,3,1,0,0,2
Jose Caballero,42135,13,2,84,118,FALSE,NA,NA,NA,NA,NA,Free Agent,54,27,1,0,0,2
Merrill Kelly,32968,4,3,84,84,FALSE,NA,NA,NA,NA,NA,Free Agent,-3.5,1,0,1,0,-3.5
Shane Drohan,4315203,5,1,84,89,TRUE,NA,NA,NA,NA,NA,Free Agent,12,1,0,1,0,12
Trevor Megill,40080,6,4,84,127,TRUE,23,265,NA,NA,NA,Free Agent,76.5,15,0,0,1,5.1
Andrew Benintendi,34986,7,1,85,92,FALSE,NA,NA,NA,NA,NA,Free Agent,10.5,6,1,0,0,1.75
JoJo Romero,40456,13,3,85,87,TRUE,NA,NA,NA,NA,NA,Free Agent,0,0,NA,NA,NA,0
Joshua Baez,4920835,4,0,85,85,FALSE,NA,NA,NA,NA,NA,Free Agent,0,0,NA,NA,NA,0
Sean Newcomb,33856,12,0,85,91,TRUE,NA,NA,NA,NA,NA,Free Agent,6,2,0,0,1,3
Shane Bieber,40912,6,0,85,91,FALSE,NA,NA,NA,NA,NA,Free Agent,0,0,0,1,0,0
Tommy Edman,39907,2,0,85,90,FALSE,NA,NA,NA,NA,NA,Free Agent,8,5,1,0,0,1.6
Andres Munoz,40939,12,3,86,145,TRUE,NA,NA,NA,NA,NA,Free Agent,95,20,0,0,1,4.75
Jasson Dominguez,42401,4,2,86,87,FALSE,NA,NA,NA,NA,NA,Free Agent,1.5,2,1,0,0,0.75
Shane Baz,39639,9,2,86,89,FALSE,NA,NA,NA,NA,NA,Free Agent,23,1,0,1,0,23
George Kirby,42406,12,1,87,149,FALSE,NA,NA,11,11 12,9,Trade,98,9,0,1,0,10.88888888888889
Kyle Karros,5203102,9,0,87,93,FALSE,NA,NA,NA,NA,NA,Free Agent,3,5,1,0,0,0.6
Luis Arraez,39572,11,1,87,157,FALSE,NA,NA,12,11 12,9,Trade,142.5,54,1,0,0,2.638888888888889
Steven Matz,33106,2,1,87,88,TRUE,NA,NA,NA,NA,NA,Free Agent,7,1,0,0,1,7
Blaze Jordan,4722953,8,1,88,139,FALSE,NA,NA,NA,NA,NA,Free Agent,42,29,1,0,0,1.4482758620689655
Daulton Varsho,40963,4,1,88,104,FALSE,NA,NA,NA,NA,NA,Free Agent,25.5,13,1,0,0,1.9615384615384615
Erik Sabrowski,5194333,9,1,88,106,TRUE,NA,NA,NA,NA,NA,Free Agent,8.5,8,0,0,1,1.0625
Luke Weaver,33770,13,0,88,95,TRUE,NA,NA,NA,NA,NA,Free Agent,14.5,3,0,0,1,4.833333333333333
Mick Abel,4718970,4,2,88,89,FALSE,NA,NA,NA,NA,NA,Free Agent,0,0,NA,NA,NA,0
Spencer Arrighetti,4726080,12,3,88,89,FALSE,NA,NA,NA,NA,NA,Free Agent,7.5,1,0,1,0,7.5
Troy Melton,5294127,8,1,88,157,TRUE,NA,NA,NA,NA,NA,Free Agent,176,10,0,1,0,17.6
Brandon Young,4414339,1,4,89,89,FALSE,NA,NA,NA,NA,NA,Free Agent,12,1,0,1,0,12
Josh Jung,42437,2,1,89,122,FALSE,NA,NA,NA,NA,NA,Free Agent,45.5,21,1,0,0,2.1666666666666665
Kris Bubic,41201,6,2,89,98,FALSE,13,145,NA,NA,NA,Free Agent,0,0,NA,NA,NA,0
Slade Cecconi,41462,8,0,89,115,FALSE,NA,NA,NA,NA,NA,Free Agent,36.5,4,0,1,0,9.125
Brad Lord,4866810,12,0,90,98,TRUE,NA,NA,NA,NA,NA,Free Agent,-8,2,0,0,1,-4
Donovan Walton,37232,1,0,90,92,FALSE,NA,NA,NA,NA,NA,Free Agent,-0.5,1,1,0,0,-0.5
Jake McCarthy,41197,4,3,90,157,FALSE,NA,NA,NA,NA,NA,Free Agent,192,56,1,0,0,3.4285714285714284
Jasson Dominguez,42401,9,3,90,96,FALSE,NA,NA,NA,NA,NA,Free Agent,9.5,7,1,0,0,1.3571428571428572
Jonny DeLuca,5005912,11,0,90,94,FALSE,NA,NA,NA,NA,NA,Free Agent,4,4,1,0,0,1
Matthew Boyd,34401,4,2,90,93,FALSE,NA,NA,NA,NA,NA,Free Agent,0,0,0,1,0,0
Peter Lambert,39898,9,1,90,91,TRUE,NA,NA,NA,NA,NA,Free Agent,8.5,1,0,1,0,8.5
Sean Manaea,33244,5,0,90,96,TRUE,NA,NA,NA,NA,NA,Free Agent,-0.5,1,0,1,0,-0.5
Luis Castillo,35124,9,2,91,95,FALSE,NA,NA,NA,NA,NA,Free Agent,20.5,1,0,1,0,20.5
Samuel Basallo,4917646,2,4,91,120,FALSE,NA,NA,NA,NA,NA,Free Agent,46.5,20,1,0,0,2.325
Sean Burke,4867679,4,1,91,157,FALSE,NA,NA,NA,NA,NA,Free Agent,211.5,12,0,1,0,17.625
Yoendrys Gomez,42898,1,1,91,157,TRUE,NA,NA,NA,NA,NA,Free Agent,74,23,0,0,1,3.217391304347826
A.J. Ewing,5208019,12,1,92,110,FALSE,NA,NA,NA,NA,NA,Free Agent,52,16,1,0,0,3.25
Caleb Thielbar,32440,2,0,92,92,TRUE,NA,NA,NA,NA,NA,Free Agent,6,1,0,0,1,6
Jake Bennett,4654024,9,0,92,157,FALSE,NA,NA,NA,NA,NA,Free Agent,102.5,6,0,1,0,17.083333333333332
Matt Shaw,4867667,12,0,92,93,FALSE,NA,NA,NA,NA,NA,Free Agent,3.5,2,1,0,0,1.75
Seth Lugo,34873,6,7,92,93,FALSE,NA,NA,NA,NA,NA,Free Agent,-5,1,0,1,0,-5
Andrew Abbott,4414528,6,5,93,94,FALSE,NA,NA,NA,NA,NA,Free Agent,9.5,1,0,1,0,9.5
Eduard Bazardo,41939,2,0,93,94,TRUE,NA,NA,NA,NA,NA,Free Agent,4,1,0,0,1,4
Ian Seymour,4669425,2,3,93,93,TRUE,NA,NA,NA,NA,NA,Free Agent,31.5,1,0,1,0,31.5
Shane Bieber,40912,1,1,93,102,FALSE,NA,NA,NA,NA,NA,Free Agent,-6.5,1,0,1,0,-6.5
Spencer Arrighetti,4726080,7,4,93,124,FALSE,NA,NA,NA,NA,NA,Free Agent,19,4,0,1,0,4.75
Tatsuya Imai,5330833,12,3,93,99,FALSE,NA,NA,NA,NA,NA,Free Agent,20,2,0,1,0,10
Brandon Young,4414339,11,5,94,110,FALSE,NA,NA,NA,NA,NA,Free Agent,13.5,2,0,1,0,6.75
Caleb Durbin,5007615,9,2,94,99,FALSE,NA,NA,NA,NA,NA,Free Agent,19.5,6,1,0,0,3.25
Gabriel Moreno,42464,12,1,94,97,FALSE,NA,NA,NA,NA,NA,Free Agent,1,2,1,0,0,0.5
Grant Taylor,4927630,4,2,94,157,TRUE,NA,NA,NA,NA,NA,Free Agent,114,21,0,0,1,5.428571428571429
James Karinchak,40715,2,0,94,100,TRUE,NA,NA,NA,NA,NA,Free Agent,-0.5,2,0,0,1,-0.25
Joey Cantillo,42488,9,1,94,99,TRUE,NA,NA,NA,NA,NA,Free Agent,36,2,0,1,0,18
Michael Massey,4109223,12,0,94,106,FALSE,NA,NA,NA,NA,NA,Free Agent,7,7,1,0,0,1
Trevor Rogers,39640,6,2,94,157,FALSE,NA,NA,NA,NA,NA,Free Agent,158,10,0,1,0,15.8
Alan Rangel,4917631,11,0,95,95,FALSE,NA,NA,NA,NA,NA,Free Agent,3,1,0,1,0,3
Andrew Benintendi,34986,14,2,95,108,FALSE,NA,NA,NA,NA,NA,Free Agent,23.5,10,1,0,0,2.35
Cade Cavalli,4308037,6,4,95,95,FALSE,NA,NA,NA,NA,NA,Free Agent,0,0,NA,NA,NA,0
Chad Patrick,5131708,14,1,95,157,TRUE,NA,NA,NA,NA,NA,Free Agent,73,21,0,0,1,3.4761904761904763
Christian Scott,4414215,2,1,95,95,FALSE,NA,NA,NA,NA,NA,Free Agent,11,1,0,1,0,11
Jose Cabrera,5270084,14,0,95,97,FALSE,NA,NA,NA,NA,NA,Free Agent,3,1,0,1,0,3
Sean Newcomb,33856,12,1,95,101,TRUE,NA,NA,NA,NA,NA,Free Agent,4,2,0,0,1,2
Abner Uribe,4917865,6,4,96,96,TRUE,NA,NA,NA,NA,NA,Free Agent,6,1,0,0,1,6
Alex Vesia,42622,2,1,96,100,TRUE,NA,NA,NA,NA,NA,Free Agent,5.5,2,0,0,1,2.75
Anthony Kay,40947,8,0,96,116,FALSE,NA,NA,NA,NA,NA,Free Agent,5,2,0,1,0,2.5
Emerson Hancock,4297897,11,2,96,151,FALSE,NA,NA,NA,NA,NA,Free Agent,62.5,6,0,1,0,10.416666666666666
Jose Soriano,40973,9,1,96,96,FALSE,NA,NA,NA,NA,NA,Free Agent,0,0,NA,NA,NA,0
Kerry Carpenter,42714,6,4,96,96,FALSE,NA,NA,NA,NA,NA,Free Agent,2.5,1,1,0,0,2.5
Merrill Kelly,32968,13,4,96,96,FALSE,NA,NA,NA,NA,NA,Free Agent,2,1,0,1,0,2
Trevor Larnach,41205,7,2,96,157,FALSE,NA,NA,NA,NA,NA,Free Agent,79.5,41,1,0,0,1.9390243902439024
Braden Montgomery,4950345,6,1,97,103,FALSE,NA,NA,NA,NA,NA,Free Agent,14.5,7,1,0,0,2.0714285714285716
Brayan Rocchio,41217,6,4,97,97,FALSE,NA,NA,NA,NA,NA,Free Agent,4,1,1,0,0,4
Christian Scott,4414215,5,2,97,130,FALSE,NA,NA,NA,NA,NA,Free Agent,74.5,5,0,1,0,14.9
Heliot Ramos,39642,13,6,97,100,FALSE,NA,NA,NA,NA,NA,Free Agent,5,2,1,0,0,2.5
Kahlil Watson,4872684,9,0,97,97,FALSE,NA,NA,NA,NA,NA,Free Agent,1,1,1,0,0,1
Matthew Boyd,34401,2,3,97,157,FALSE,12,137,NA,NA,NA,Free Agent,151,11,0,1,0,13.727272727272727
Tommy Edman,39907,12,1,97,141,FALSE,NA,NA,NA,NA,NA,Free Agent,78.5,35,1,0,0,2.242857142857143
Walbert Urena,5197476,9,2,97,157,FALSE,NA,NA,NA,NA,NA,Free Agent,102,8,0,1,0,12.75
Brent Rooker,40926,4,1,98,99,FALSE,NA,NA,12,4 12,10,Trade,0,0,NA,NA,NA,0
Cade Cavalli,4308037,6,5,98,157,FALSE,NA,NA,NA,NA,NA,Free Agent,219,9,0,1,0,24.333333333333332
Chase DeLauter,4619649,12,1,98,157,FALSE,NA,NA,4,4 12,10,Trade,146,45,1,0,0,3.2444444444444445
Eduard Bazardo,41939,2,1,98,116,TRUE,NA,NA,NA,NA,NA,Free Agent,14.5,6,0,0,1,2.4166666666666665
Esmerlyn Valdez,5137200,9,0,98,138,FALSE,NA,NA,NA,NA,NA,Free Agent,96,32,1,0,0,3
Jose Soriano,40973,14,2,98,157,FALSE,NA,NA,NA,NA,NA,Free Agent,90.5,8,0,1,0,11.3125
Victor Caratini,33229,12,0,98,98,FALSE,NA,NA,NA,NA,NA,Free Agent,1,1,1,0,0,1
Andrew Abbott,4414528,6,6,99,99,FALSE,NA,NA,NA,NA,NA,Free Agent,6.5,1,0,1,0,6.5
Emilio Pagan,33403,8,1,99,157,TRUE,NA,NA,NA,NA,NA,Free Agent,84.5,18,0,0,1,4.694444444444445
Kevin Kelly,5001153,12,1,99,124,TRUE,NA,NA,NA,NA,NA,Free Agent,18,5,0,0,1,3.6
Zebby Matthews,4791597,12,1,99,102,FALSE,NA,NA,NA,NA,NA,Free Agent,6,1,0,1,0,6
Andrew Vaughn,42394,4,3,100,106,FALSE,NA,NA,NA,NA,NA,Free Agent,4,5,1,0,0,0.8
Colt Emerson,5149068,12,1,100,103,FALSE,NA,NA,NA,NA,NA,Free Agent,-2.5,2,1,0,0,-1.25
Griffin Conine,41295,9,0,100,105,FALSE,NA,NA,NA,NA,NA,Free Agent,2,5,1,0,0,0.4
Ian Seymour,4669425,9,4,100,157,TRUE,NA,NA,NA,NA,NA,Free Agent,137.5,10,0,1,0,13.75
Spencer Torkelson,4424286,6,3,100,103,FALSE,NA,NA,NA,NA,NA,Free Agent,0.5,1,1,0,0,0.5
Brayan Rocchio,41217,2,5,101,102,FALSE,NA,NA,NA,NA,NA,Free Agent,4,2,1,0,0,2
Cam Smith,5080766,13,4,101,102,FALSE,NA,NA,NA,NA,NA,Free Agent,1,2,1,0,0,0.5
Garrett Whitlock,39674,13,5,101,103,TRUE,NA,NA,NA,NA,NA,Free Agent,8,2,0,0,1,4
Javier Sanoja,5073992,13,0,101,103,TRUE,NA,NA,NA,NA,NA,Free Agent,5,3,1,0,0,1.6666666666666667
Luis Castillo,35124,6,3,101,103,FALSE,NA,NA,NA,NA,NA,Free Agent,17.5,1,0,1,0,17.5
Nick Gonzales,4311634,2,3,101,101,FALSE,NA,NA,NA,NA,NA,Free Agent,2.5,1,1,0,0,2.5
Caleb Durbin,5007615,4,3,102,104,FALSE,NA,NA,NA,NA,NA,Free Agent,0,1,1,0,0,0
Elvis Alvarado,42211,12,1,102,103,TRUE,NA,NA,NA,NA,NA,Free Agent,1.5,1,0,0,1,1.5
Griffin Jax,42604,1,2,102,116,TRUE,20,232,NA,NA,NA,Free Agent,25.5,3,0,1,0,8.5
Luke Weaver,33770,2,1,102,157,TRUE,NA,NA,NA,NA,NA,Free Agent,41,14,0,0,1,2.9285714285714284
Anthony Volpe,42547,2,3,103,105,FALSE,NA,NA,NA,NA,NA,Free Agent,-0.5,2,1,0,0,-0.25
Chris Murphy,4084958,2,0,103,103,TRUE,NA,NA,NA,NA,NA,Free Agent,-7,1,0,0,1,-7
Kumar Rocker,4414525,12,0,103,103,FALSE,NA,NA,NA,NA,NA,Free Agent,5.5,1,0,1,0,5.5
Kyle Karros,5203102,1,1,103,129,FALSE,NA,NA,NA,NA,NA,Free Agent,26,6,1,0,0,4.333333333333333
Martin Perez,31098,13,0,103,103,FALSE,NA,NA,NA,NA,NA,Free Agent,-1,1,0,1,0,-1
AJ Blubaugh,42556,12,0,104,109,TRUE,NA,NA,NA,NA,NA,Free Agent,3,2,0,0,1,1.5
Adrian Morejon,40917,6,2,104,105,TRUE,NA,NA,NA,NA,NA,Free Agent,0,0,NA,NA,NA,0
Alec Bohm,41169,6,4,104,105,FALSE,NA,NA,NA,NA,NA,Free Agent,2.5,1,1,0,0,2.5
Alex Vesia,42622,13,2,104,118,TRUE,NA,NA,NA,NA,NA,Free Agent,17,6,0,0,1,2.8333333333333335
Austin Riley,34982,12,2,104,115,FALSE,NA,NA,NA,NA,NA,Free Agent,15.5,8,1,0,0,1.9375
Brett Baty,42414,13,3,104,120,FALSE,NA,NA,NA,NA,NA,Free Agent,27.5,9,1,0,0,3.0555555555555554
Cam Smith,5080766,13,5,104,106,FALSE,NA,NA,NA,NA,NA,Free Agent,5,1,1,0,0,5
Dean Kremer,38295,6,1,104,106,FALSE,NA,NA,NA,NA,NA,Free Agent,4.5,1,0,1,0,4.5
Heliot Ramos,39642,6,7,104,142,FALSE,NA,NA,NA,NA,NA,Free Agent,52,31,1,0,0,1.6774193548387097
Joey Cantillo,42488,12,2,104,115,TRUE,NA,NA,NA,NA,NA,Free Agent,29.5,2,0,1,0,14.75
Nick Gonzales,4311634,8,4,104,157,FALSE,NA,NA,NA,NA,NA,Free Agent,51,30,1,0,0,1.7
Salvador Perez,31127,2,1,104,106,FALSE,NA,NA,NA,NA,NA,Free Agent,17.5,3,1,0,0,5.833333333333333
Shane Drohan,4315203,5,2,104,148,TRUE,NA,NA,NA,NA,NA,Free Agent,60.5,5,0,0.875,0.125,12.1
Edwin Diaz,35394,4,1,105,136,TRUE,NA,NA,NA,NA,NA,Free Agent,-3,3,0,0,1,-1
Luke Keaschall,4977664,4,3,105,117,FALSE,11,124,NA,NA,NA,Free Agent,14,6,1,0,0,2.3333333333333335
Brayan Rocchio,41217,2,6,106,117,FALSE,NA,NA,NA,NA,NA,Free Agent,25,8,1,0,0,3.125
Brendan Donovan,41773,6,1,106,142,FALSE,NA,NA,NA,NA,NA,Free Agent,-1,4,1,0,0,-0.25
Steven Kwan,41996,9,1,106,106,FALSE,NA,NA,NA,NA,NA,Free Agent,3,1,1,0,0,3
Caleb Durbin,5007615,2,4,107,157,FALSE,NA,NA,NA,NA,NA,Free Agent,124.5,42,1,0,0,2.9642857142857144
Fernando Cruz,34068,6,1,107,122,TRUE,NA,NA,NA,NA,NA,Free Agent,16,6,0,0,1,2.6666666666666665
Gabriel Moreno,42464,12,2,107,157,FALSE,NA,NA,NA,NA,NA,Free Agent,146.5,39,1,0,0,3.7564102564102564
Garrett Whitlock,39674,12,6,107,143,TRUE,NA,NA,NA,NA,NA,Free Agent,41,11,0,0,1,3.727272727272727
Kenley Jansen,29630,13,2,107,157,TRUE,NA,NA,NA,NA,NA,Free Agent,57.5,14,0,0,1,4.107142857142857
Kyle Bradish,4311625,6,2,107,157,FALSE,6,72,4,4 6,11,Trade,79,8,0,1,0,9.875
Luis Castillo,35124,6,4,107,108,FALSE,NA,NA,NA,NA,NA,Free Agent,1.5,1,0,1,0,1.5
Luis Lara,5138536,9,0,107,118,FALSE,NA,NA,NA,NA,NA,Free Agent,7,4,1,0,0,1.75
Tyler Wells,4717904,9,1,107,145,TRUE,NA,NA,NA,NA,NA,Free Agent,60,14,0,0,1,4.285714285714286
Wyatt Langford,4719324,4,1,107,157,FALSE,NA,NA,6,4 6,11,Trade,111,42,1,0,0,2.642857142857143
Zebby Matthews,4791597,4,2,107,108,FALSE,NA,NA,NA,NA,NA,Free Agent,2,1,0,1,0,2
Anthony Seigler,41194,4,0,109,117,FALSE,NA,NA,NA,NA,NA,Free Agent,4.5,3,1,0,0,1.5
Heriberto Hernandez,42455,11,0,109,115,FALSE,NA,NA,NA,NA,NA,Free Agent,4.5,3,1,0,0,1.5
Kumar Rocker,4414525,14,1,109,109,FALSE,NA,NA,NA,NA,NA,Free Agent,-0.5,1,0,1,0,-0.5
Peter Lambert,39898,12,2,109,149,TRUE,NA,NA,NA,NA,NA,Free Agent,96,8,0,1,0,12
Spencer Horwitz,4228472,6,1,109,145,FALSE,NA,NA,NA,NA,NA,Free Agent,8,8,1,0,0,1
Emmet Sheehan,4417806,14,4,110,142,FALSE,NA,NA,NA,NA,NA,Free Agent,23.5,4,0,1,0,5.875
Jack Flaherty,33837,12,3,110,118,FALSE,NA,NA,NA,NA,NA,Free Agent,5,1,0,1,0,5
Jared Jones,4918156,9,2,110,157,FALSE,NA,NA,NA,NA,NA,Free Agent,45.5,5,0,1,0,9.1
Steven Kwan,41996,14,2,110,157,FALSE,NA,NA,NA,NA,NA,Free Agent,121,37,1,0,0,3.27027027027027
Steven Okert,33716,14,0,110,157,TRUE,NA,NA,NA,NA,NA,Free Agent,57.5,18,0,0,1,3.1944444444444446
Tristan Peters,5085893,1,1,110,116,FALSE,NA,NA,NA,NA,NA,Free Agent,0,0,1,0,0,0
A.J. Ewing,5208019,9,2,111,148,FALSE,NA,NA,12,9 12,12,Trade,54.5,29,1,0,0,1.8793103448275863
Brandon Woodruff,37515,11,2,111,116,FALSE,NA,NA,NA,NA,NA,Free Agent,0,0,NA,NA,NA,0
Jung Hoo Lee,5134621,7,3,111,157,FALSE,NA,NA,NA,NA,NA,Free Agent,65.5,28,1,0,0,2.3392857142857144
Landen Roupp,4345404,12,2,111,131,FALSE,NA,NA,9,9 12,12,Trade,44.5,3,0,1,0,14.833333333333334
Brady Singer,41172,8,1,116,149,FALSE,NA,NA,NA,NA,NA,Free Agent,63.5,6,0,1,0,10.583333333333334
Hunter Gaddis,4187661,2,1,116,157,TRUE,NA,NA,NA,NA,NA,Free Agent,47,17,0,0,1,2.764705882352941
J.T. Ginn,4414002,11,1,116,129,FALSE,NA,NA,NA,NA,NA,Free Agent,28.5,1,0,1,0,28.5
Merrill Kelly,32968,8,5,116,151,FALSE,NA,NA,NA,NA,NA,Free Agent,25,4,0,1,0,6.25
Zack Littell,36052,12,1,116,116,TRUE,NA,NA,NA,NA,NA,Free Agent,-4.5,1,0,1,0,-4.5
Zebby Matthews,4791597,12,3,116,117,FALSE,NA,NA,NA,NA,NA,Free Agent,-14,1,0,1,0,-14
Grant Holmes,33840,1,5,117,117,FALSE,NA,NA,NA,NA,NA,Free Agent,2.5,1,0,1,0,2.5
Jasson Dominguez,42401,12,4,117,120,FALSE,NA,NA,NA,NA,NA,Free Agent,5.5,4,1,0,0,1.375
Logan Allen,4683350,8,0,117,123,FALSE,NA,NA,NA,NA,NA,Free Agent,0,0,NA,NA,NA,0
Noah Cameron,4417208,14,4,117,125,FALSE,NA,NA,NA,NA,NA,Free Agent,22,2,0,1,0,11
Robert Gasser,4918251,2,0,117,117,FALSE,NA,NA,NA,NA,NA,Free Agent,15,1,0,1,0,15
Ryan Feltner,4019484,1,0,117,126,FALSE,NA,NA,NA,NA,NA,Free Agent,-16,2,0,1,0,-8
Ty France,35591,12,0,117,157,FALSE,NA,NA,NA,NA,NA,Free Agent,106,37,1,0,0,2.864864864864865
Andrew Abbott,4414528,4,7,118,124,FALSE,NA,NA,NA,NA,NA,Free Agent,42,2,0,1,0,21
Austin Riley,34982,12,3,118,127,FALSE,NA,NA,NA,NA,NA,Free Agent,-2,7,1,0,0,-0.2857142857142857
Braden Montgomery,4950345,4,2,118,143,FALSE,NA,NA,NA,NA,NA,Free Agent,47,19,1,0,0,2.473684210526316
Brayan Rocchio,41217,11,7,118,157,FALSE,NA,NA,2,2 11,13,Trade,37,25,1,0,0,1.48
Heriberto Hernandez,42455,2,1,118,121,FALSE,NA,NA,NA,NA,NA,Free Agent,6.5,3,1,0,0,2.1666666666666665
Jeff Hoffman,33841,2,2,118,125,TRUE,22,257,NA,NA,NA,Free Agent,9,3,0,0,1,3
Nico Hoerner,41219,2,1,118,157,FALSE,NA,NA,11,2 11,13,Trade,84.5,35,1,0,0,2.414285714285714
Tyler Glasnow,33190,11,1,118,157,FALSE,NA,NA,2,2 11,13,Trade,9.5,1,0,1,0,9.5
Edmundo Sosa,33809,12,0,119,119,FALSE,NA,NA,NA,NA,NA,Free Agent,-0.5,1,1,0,0,-0.5
Erik Sabrowski,5194333,13,2,119,131,TRUE,NA,NA,NA,NA,NA,Free Agent,2,4,0,0,1,0.5
Lane Thomas,36409,9,0,119,124,FALSE,NA,NA,NA,NA,NA,Free Agent,7.5,6,1,0,0,1.25
Salvador Perez,31127,13,2,119,124,FALSE,NA,NA,NA,NA,NA,Free Agent,16,6,1,0,0,2.6666666666666665
Abner Uribe,4917865,4,5,120,128,TRUE,NA,NA,NA,NA,NA,Free Agent,6,2,0,0,1,3
Bailey Ober,3107919,6,1,120,120,FALSE,NA,NA,NA,NA,NA,Free Agent,-2.5,1,0,1,0,-2.5
Kyle Leahy,5006093,12,0,120,124,TRUE,NA,NA,NA,NA,NA,Free Agent,21.5,1,0,1,0,21.5
Daulton Varsho,40963,2,2,121,133,FALSE,14,161,NA,NA,NA,Free Agent,13,9,1,0,0,1.4444444444444444
Ildemaro Vargas,32985,6,1,121,126,FALSE,NA,NA,NA,NA,NA,Free Agent,7,3,1,0,0,2.3333333333333335
Luke Keaschall,4977664,13,4,121,123,FALSE,NA,NA,NA,NA,NA,Free Agent,6,2,1,0,0,3
Royce Lewis,40635,13,4,121,123,FALSE,NA,NA,NA,NA,NA,Free Agent,5.5,1,1,0,0,5.5
Spencer Torkelson,4424286,12,4,121,121,FALSE,NA,NA,NA,NA,NA,Free Agent,-1.5,1,1,0,0,-1.5
Zac Thornton,5129576,9,0,121,127,FALSE,NA,NA,NA,NA,NA,Free Agent,16.5,1,0,1,0,16.5
Angel Martinez,42497,11,4,122,127,FALSE,NA,NA,NA,NA,NA,Free Agent,-2,4,1,0,0,-0.5
Brandon Young,4414339,12,6,122,138,FALSE,NA,NA,NA,NA,NA,Free Agent,35,3,0,1,0,11.666666666666666
Dalton Rushing,4619839,2,3,122,131,FALSE,NA,NA,NA,NA,NA,Free Agent,15,7,1,0,0,2.142857142857143
Joey Cantillo,42488,9,3,122,124,TRUE,NA,NA,NA,NA,NA,Free Agent,-3.5,1,0,1,0,-3.5
Bryce Elder,4301067,2,1,123,124,FALSE,NA,NA,NA,NA,NA,Free Agent,15,1,0,1,0,15
Jonah Heim,33842,14,0,123,123,FALSE,NA,NA,NA,NA,NA,Free Agent,-0.5,1,1,0,0,-0.5
Paul Sewald,35009,6,1,123,126,TRUE,NA,NA,NA,NA,NA,Free Agent,-10,1,0,0,1,-10
Carson Whisenhunt,4626232,8,0,124,142,FALSE,NA,NA,NA,NA,NA,Free Agent,7.5,1,0,1,0,7.5
Dominic Canzone,4345621,13,3,124,131,FALSE,NA,NA,NA,NA,NA,Free Agent,36,8,1,0,0,4.5
Isaac Collins,42959,14,0,124,130,FALSE,NA,NA,NA,NA,NA,Free Agent,13.5,6,1,0,0,2.25
Shane Baz,39639,1,3,124,157,FALSE,NA,NA,NA,NA,NA,Free Agent,75.5,5,0,1,0,15.1
Will Warren,5132011,13,2,124,124,FALSE,NA,NA,NA,NA,NA,Free Agent,-5,1,0,1,0,-5
Carson Kelly,32797,13,1,125,128,FALSE,NA,NA,NA,NA,NA,Free Agent,5.5,3,1,0,0,1.8333333333333333
Christian Encarnacion-Strand,5012106,12,0,125,126,FALSE,NA,NA,NA,NA,NA,Free Agent,0,0,NA,NA,NA,0
Heriberto Hernandez,42455,4,2,125,131,FALSE,NA,NA,NA,NA,NA,Free Agent,8.5,5,1,0,0,1.7
Joey Ortiz,42958,9,0,125,129,FALSE,NA,NA,NA,NA,NA,Free Agent,-1,1,1,0,0,-1
Josh Jung,42437,5,2,125,128,FALSE,NA,NA,NA,NA,NA,Free Agent,0,0,NA,NA,NA,0
Keibert Ruiz,38827,5,1,125,157,FALSE,NA,NA,NA,NA,NA,Free Agent,51.5,20,1,0,0,2.575
Keider Montero,5182933,7,1,125,157,TRUE,NA,NA,NA,NA,NA,Free Agent,31.5,4,0,1,0,7.875
Luis Lara,5138536,12,1,125,125,FALSE,NA,NA,NA,NA,NA,Free Agent,0,1,1,0,0,0
Luis Rengifo,37237,9,0,125,157,FALSE,NA,NA,NA,NA,NA,Free Agent,54,28,1,0,0,1.9285714285714286
Roki Sasaki,5134638,13,2,125,157,FALSE,NA,NA,NA,NA,NA,Free Agent,56,4,0,1,0,14
Spencer Torkelson,4424286,2,5,125,126,FALSE,NA,NA,NA,NA,NA,Free Agent,4.5,1,1,0,0,4.5
Adrian Morejon,40917,2,3,126,126,TRUE,NA,NA,NA,NA,NA,Free Agent,1.5,1,0,0,1,1.5
Brock Burke,39945,12,0,126,129,TRUE,NA,NA,NA,NA,NA,Free Agent,5.5,2,0,0,1,2.75
Tristan Peters,5085893,14,2,126,137,FALSE,NA,NA,NA,NA,NA,Free Agent,6.5,8,1,0,0,0.8125
Brent Headrick,5116839,6,0,127,137,TRUE,NA,NA,NA,NA,NA,Free Agent,16.5,6,0,0,1,2.75
Cody Bellinger,33912,11,1,127,157,FALSE,NA,NA,14,11 14,14,Trade,15.5,5,1,0,0,3.1
Gabriel Hughes,4634930,2,0,127,127,FALSE,NA,NA,NA,NA,NA,Free Agent,4,1,0,1,0,4
Griffin Jax,42604,12,3,127,138,TRUE,NA,NA,NA,NA,NA,Free Agent,16.5,1,0,1,0,16.5
Hogan Harris,41364,6,2,127,130,TRUE,NA,NA,NA,NA,NA,Free Agent,0,0,NA,NA,NA,0
Kumar Rocker,4414525,1,2,127,131,FALSE,NA,NA,NA,NA,NA,Free Agent,3,1,0,1,0,3
Luke Keaschall,4977664,5,5,127,157,FALSE,NA,NA,NA,NA,NA,Free Agent,46.5,16,1,0,0,2.90625
Michael McGreevy,4424141,14,1,127,157,FALSE,NA,NA,11,11 14,14,Trade,41,5,0,1,0,8.2
Royce Lewis,40635,5,5,127,157,FALSE,16,188,NA,NA,NA,Free Agent,59.5,27,1,0,0,2.2037037037037037
Andre Pallante,4109034,11,1,128,128,FALSE,NA,NA,NA,NA,NA,Free Agent,15,1,0,1,0,15
Corey Seager,32691,6,1,128,157,FALSE,NA,NA,2,2 6,15,Trade,60,23,1,0,0,2.608695652173913
Kyle Leahy,5006093,9,1,128,129,TRUE,NA,NA,NA,NA,NA,Free Agent,17,1,0,1,0,17
Max Clark,5148964,12,0,128,157,FALSE,NA,NA,NA,NA,NA,Free Agent,54,24,1,0,0,2.25
Nick Loftin,4314013,2,0,128,157,FALSE,NA,NA,NA,NA,NA,Free Agent,18,12,1,0,0,1.5
Salvador Perez,31127,2,3,128,128,FALSE,NA,NA,NA,NA,NA,Free Agent,-1,1,1,0,0,-1
Trevor Megill,40080,2,5,128,157,TRUE,NA,NA,6,2 6,15,Trade,62.5,11,0,0,1,5.681818181818182
Vaughn Grissom,42503,5,0,128,140,FALSE,NA,NA,NA,NA,NA,Free Agent,5.5,10,1,0,0,0.55
Bryce Elder,4301067,11,2,129,129,FALSE,NA,NA,NA,NA,NA,Free Agent,18.5,1,0,1,0,18.5
Clay Holmes,32827,5,2,129,152,FALSE,NA,NA,NA,NA,NA,Free Agent,32.5,3,0,1,0,10.833333333333334
Quinn Mathews,4837405,4,0,129,132,FALSE,NA,NA,NA,NA,NA,Free Agent,0,0,0,1,0,0
Salvador Perez,31127,13,4,129,142,FALSE,NA,NA,NA,NA,NA,Free Agent,20.5,10,1,0,0,2.05
Will Warren,5132011,2,3,129,131,FALSE,NA,NA,NA,NA,NA,Free Agent,28,1,0,1,0,28
Andrew Abbott,4414528,1,8,130,135,FALSE,NA,NA,NA,NA,NA,Free Agent,4.5,1,0,1,0,4.5
Jacob Young,4414210,11,2,130,130,FALSE,NA,NA,NA,NA,NA,Free Agent,1,1,1,0,0,1
Jake Mangum,42664,14,0,130,130,FALSE,NA,NA,NA,NA,NA,Free Agent,0,0,1,0,0,0
Javier Baez,32127,12,1,130,131,FALSE,NA,NA,NA,NA,NA,Free Agent,-1,1,1,0,0,-1
Paul Blackburn,32776,11,0,130,132,TRUE,NA,NA,NA,NA,NA,Free Agent,4,1,0,0,1,4
Robert Gasser,4918251,9,1,130,131,FALSE,NA,NA,NA,NA,NA,Free Agent,14,1,0,1,0,14
Zac Thornton,5129576,9,1,130,131,FALSE,NA,NA,NA,NA,NA,Free Agent,3,1,0,1,0,3
Andrew Benintendi,34986,11,3,131,138,FALSE,NA,NA,NA,NA,NA,Free Agent,11,5,1,0,0,2.2
Gage Jump,5023852,14,2,131,135,FALSE,NA,NA,NA,NA,NA,Free Agent,-3.5,1,0,1,0,-3.5
Kevin Kelly,5001153,6,2,131,132,TRUE,NA,NA,NA,NA,NA,Free Agent,1,1,0,0,1,1
Mitch Farris,5273851,14,0,131,147,TRUE,NA,NA,NA,NA,NA,Free Agent,5,2,0,0,1,2.5
Mitch Keller,33722,12,1,131,131,FALSE,NA,NA,NA,NA,NA,Free Agent,0,0,0,1,0,0
Seth Lugo,34873,5,8,131,132,FALSE,NA,NA,NA,NA,NA,Free Agent,0.5,1,0,1,0,0.5
Alec Bohm,41169,12,5,132,135,FALSE,NA,NA,NA,NA,NA,Free Agent,3,2,1,0,0,1.5
Cam Smith,5080766,13,6,132,134,FALSE,NA,NA,NA,NA,NA,Free Agent,3.5,3,1,0,0,1.1666666666666667
Cooper Pratt,5149101,12,0,132,132,FALSE,NA,NA,NA,NA,NA,Free Agent,-2,1,1,0,0,-2
Freddy Peralta,39825,9,1,132,141,FALSE,NA,NA,NA,NA,NA,Free Agent,0,0,0,1,0,0
Ildemaro Vargas,32985,2,2,132,133,FALSE,NA,NA,NA,NA,NA,Free Agent,0,1,1,0,0,0
Kyle Karros,5203102,4,2,132,135,FALSE,NA,NA,NA,NA,NA,Free Agent,6.5,2,1,0,0,3.25
Mason Montgomery,4424112,12,1,132,138,TRUE,NA,NA,NA,NA,NA,Free Agent,14,2,0,0,1,7
Paul Sewald,35009,13,2,132,157,TRUE,NA,NA,NA,NA,NA,Free Agent,21,7,0,0,1,3
Spencer Jones,4867424,1,3,132,145,FALSE,NA,NA,NA,NA,NA,Free Agent,1.5,4,1,0,0,0.375
Spencer Torkelson,4424286,9,6,132,146,FALSE,NA,NA,NA,NA,NA,Free Agent,22.5,13,1,0,0,1.7307692307692308
Yainer Diaz,4781491,2,2,132,141,FALSE,NA,NA,NA,NA,NA,Free Agent,8,7,1,0,0,1.1428571428571428
Christian Encarnacion-Strand,5012106,11,1,133,135,FALSE,NA,NA,NA,NA,NA,Free Agent,-1,1,1,0,0,-1
Christian Scott,4414215,6,3,133,134,FALSE,NA,NA,NA,NA,NA,Free Agent,8.5,1,0,1,0,8.5
David Peterson,40921,5,1,133,138,TRUE,NA,NA,NA,NA,NA,Free Agent,6.5,1,0,1,0,6.5
George Lombard Jr.,5149070,11,0,133,157,FALSE,NA,NA,NA,NA,NA,Free Agent,30.5,16,1,0,0,1.90625
J.T. Realmuto,32177,12,0,133,134,FALSE,NA,NA,NA,NA,NA,Free Agent,-0.5,2,1,0,0,-0.25
Kade Anderson,5198748,4,0,133,157,FALSE,NA,NA,NA,NA,NA,Free Agent,10,1,0,1,0,10
Louis Varland,4917888,6,2,133,157,TRUE,NA,NA,12,6 12,16,Trade,47,10,0,0,1,4.7
Ozzie Albies,33783,12,1,133,157,FALSE,NA,NA,6,6 12,16,Trade,38,23,1,0,0,1.6521739130434783
Bryce Elder,4301067,2,3,134,157,FALSE,NA,NA,NA,NA,NA,Free Agent,53.5,4,0,1,0,13.375
Jake Mangum,42664,13,1,134,138,FALSE,NA,NA,NA,NA,NA,Free Agent,20.5,5,1,0,0,4.1
Jarren Duran,41610,2,1,134,150,FALSE,NA,NA,NA,NA,NA,Free Agent,27,11,1,0,0,2.4545454545454546
Kyle Leahy,5006093,12,2,134,141,TRUE,NA,NA,NA,NA,NA,Free Agent,24,2,0,1,0,12
Angel Martinez,42497,13,5,135,144,FALSE,NA,NA,NA,NA,NA,Free Agent,22,7,1,0,0,3.142857142857143
Austin Riley,34982,6,4,135,137,FALSE,7,73,NA,NA,NA,Free Agent,0.5,2,1,0,0,0.25
Bailey Ober,3107919,13,2,135,135,FALSE,NA,NA,NA,NA,NA,Free Agent,11,1,0,1,0,11
Bryce Eldridge,5149064,2,3,135,157,FALSE,NA,NA,4,2 4,17,Trade,37,16,1,0,0,2.3125
Dominic Canzone,4345621,2,4,135,136,FALSE,NA,NA,NA,NA,NA,Free Agent,0,1,1,0,0,0
Nick Kurtz,4966637,4,1,135,139,FALSE,NA,NA,2,2 4,17,Trade,0,0,NA,NA,NA,0
Adrian Morejon,40917,12,4,136,157,TRUE,NA,NA,NA,NA,NA,Free Agent,33.5,6,0,0,1,5.583333333333333
Brandon Pfaadt,4721302,1,0,136,157,TRUE,NA,NA,NA,NA,NA,Free Agent,39,2,0,1,0,19.5
Daulton Varsho,40963,13,3,136,141,FALSE,NA,NA,NA,NA,NA,Free Agent,4.5,6,1,0,0,0.75
J.T. Ginn,4414002,11,2,136,144,FALSE,NA,NA,NA,NA,NA,Free Agent,25,2,0,1,0,12.5
Kaelen Culpepper,4935268,4,0,136,140,FALSE,NA,NA,NA,NA,NA,Free Agent,7.5,4,1,0,0,1.875
Landen Roupp,4345404,7,3,136,143,FALSE,NA,NA,NA,NA,NA,Free Agent,12.5,1,0,1,0,12.5
Tim Tawa,4345192,14,0,136,157,FALSE,NA,NA,NA,NA,NA,Free Agent,40,19,1,0,0,2.1052631578947367
Jackson Jobe,4872647,2,0,137,145,FALSE,NA,NA,NA,NA,NA,Free Agent,17.5,1,0,1,0,17.5
Matthew Liberatore,41173,4,0,137,137,FALSE,NA,NA,NA,NA,NA,Free Agent,-3,1,0,1,0,-3
Bryan Abreu,41208,6,2,138,141,TRUE,NA,NA,NA,NA,NA,Free Agent,7,1,0,0,1,7
Grant Holmes,33840,1,6,138,141,FALSE,NA,NA,NA,NA,NA,Free Agent,21,1,0,1,0,21
Jacob Webb,40384,4,0,138,151,TRUE,NA,NA,NA,NA,NA,Free Agent,14.5,6,0,0,1,2.4166666666666665
Jacob Young,4414210,14,3,138,146,FALSE,NA,NA,NA,NA,NA,Free Agent,15.5,6,1,0,0,2.5833333333333335
Lawrence Butler,4917919,14,1,138,157,FALSE,NA,NA,NA,NA,NA,Free Agent,57.5,17,1,0,0,3.3823529411764706
Sean Manaea,33244,12,1,138,150,TRUE,NA,NA,NA,NA,NA,Free Agent,51,3,0,1,0,17
Seth Martinez,42742,6,0,138,138,TRUE,NA,NA,NA,NA,NA,Free Agent,0,0,NA,NA,NA,0
Andruw Monasterio,36950,12,0,139,157,FALSE,NA,NA,NA,NA,NA,Free Agent,5.5,7,1,0,0,0.7857142857142857
Angel Genao,5204351,9,0,139,157,FALSE,NA,NA,NA,NA,NA,Free Agent,21,12,1,0,0,1.75
Christian Scott,4414215,5,4,139,157,FALSE,NA,NA,NA,NA,NA,Free Agent,24.5,3,0,1,0,8.166666666666666
Gavin Sheets,40700,13,4,139,141,FALSE,NA,NA,NA,NA,NA,Free Agent,1,2,1,0,0,0.5
Juan Morillo,4722925,12,1,139,157,TRUE,NA,NA,NA,NA,NA,Free Agent,21.5,5,0,0,1,4.3
Kyle Karros,5203102,11,3,139,141,FALSE,NA,NA,NA,NA,NA,Free Agent,-3,1,1,0,0,-3
Marcus Semien,32146,6,1,139,139,FALSE,NA,NA,NA,NA,NA,Free Agent,-0.5,1,1,0,0,-0.5
Dominic Canzone,4345621,8,5,140,157,FALSE,NA,NA,NA,NA,NA,Free Agent,37.5,15,1,0,0,2.5
Edwin Diaz,35394,6,2,140,142,TRUE,NA,NA,NA,NA,NA,Free Agent,-8,1,0,0,1,-8
Joc Pederson,31392,5,2,141,145,FALSE,NA,NA,NA,NA,NA,Free Agent,0,5,1,0,0,0
Marcus Semien,32146,4,2,141,147,FALSE,NA,NA,NA,NA,NA,Free Agent,4.5,5,1,0,0,0.9
Noah Cameron,4417208,12,5,141,157,FALSE,NA,NA,NA,NA,NA,Free Agent,77,3,0,1,0,25.666666666666668
Roman Anthony,5080767,4,1,141,157,FALSE,NA,NA,NA,NA,NA,Free Agent,0,0,NA,NA,NA,0
Abner Uribe,4917865,12,6,142,143,TRUE,NA,NA,NA,NA,NA,Free Agent,0,0,NA,NA,NA,0
Andres Gimenez,37729,1,5,142,150,FALSE,NA,NA,NA,NA,NA,Free Agent,9.5,7,1,0,0,1.3571428571428572
Andrew Abbott,4414528,12,9,142,143,FALSE,NA,NA,NA,NA,NA,Free Agent,-2.5,1,0,1,0,-2.5
Esmerlyn Valdez,5137200,13,1,142,157,FALSE,NA,NA,NA,NA,NA,Free Agent,23.5,12,1,0,0,1.9583333333333333
Griffin Conine,41295,14,1,142,157,FALSE,NA,NA,NA,NA,NA,Free Agent,12,12,1,0,0,1
Jake Mangum,42664,13,2,142,157,FALSE,NA,NA,NA,NA,NA,Free Agent,18.5,9,1,0,0,2.0555555555555554
Jo Adell,40854,2,2,142,143,FALSE,NA,NA,NA,NA,NA,Free Agent,0,1,1,0,0,0
Kyle Harrison,4683375,9,3,142,148,FALSE,NA,NA,NA,NA,NA,Free Agent,19.5,1,0,1,0,19.5
Zach McKinstry,38420,12,1,142,157,FALSE,NA,NA,NA,NA,NA,Free Agent,9,6,1,0,0,1.5
Austin Riley,34982,6,5,143,144,FALSE,7,73,NA,NA,NA,Free Agent,-0.5,1,1,0,0,-0.5
Brent Headrick,5116839,6,1,143,145,TRUE,NA,NA,NA,NA,NA,Free Agent,-1,1,0,0,1,-1
Bubba Chandler,4683325,8,2,143,157,FALSE,13,154,NA,NA,NA,Free Agent,28.5,3,0,1,0,9.5
Gage Jump,5023852,13,3,143,144,FALSE,NA,NA,NA,NA,NA,Free Agent,6,1,0,1,0,6
Seth Lugo,34873,14,9,143,144,FALSE,NA,NA,NA,NA,NA,Free Agent,0.5,1,0,1,0,0.5
Tommy Edman,39907,6,2,143,157,FALSE,NA,NA,NA,NA,NA,Free Agent,30,12,1,0,0,2.5
Hayden Wesneski,42996,14,0,144,157,FALSE,NA,NA,NA,NA,NA,Free Agent,32,3,0,1,0,10.666666666666666
Joey Cantillo,42488,11,4,144,148,TRUE,NA,NA,NA,NA,NA,Free Agent,25.5,1,0,1,0,25.5
Joshua Baez,4920835,4,1,144,156,FALSE,NA,NA,NA,NA,NA,Free Agent,30,13,1,0,0,2.3076923076923075
Tyler Mahle,34973,12,1,144,147,FALSE,NA,NA,NA,NA,NA,Free Agent,17.5,1,0,1,0,17.5
Yainer Diaz,4781491,2,3,144,145,FALSE,NA,NA,NA,NA,NA,Free Agent,0.5,2,1,0,0,0.25
Zac Veen,4717903,9,0,144,146,FALSE,NA,NA,NA,NA,NA,Free Agent,4.5,3,1,0,0,1.5
Alec Bohm,41169,14,6,145,152,FALSE,NA,NA,NA,NA,NA,Free Agent,19,4,1,0,0,4.75
Brandyn Garcia,5202600,6,0,145,145,TRUE,NA,NA,NA,NA,NA,Free Agent,-1.5,1,0,0,1,-1.5
Freddy Peralta,39825,13,2,145,157,FALSE,NA,NA,NA,NA,NA,Free Agent,18,2,0,1,0,9
Heliot Ramos,39642,13,8,145,157,FALSE,NA,NA,NA,NA,NA,Free Agent,5,6,1,0,0,0.8333333333333334
Nick Lodolo,42433,11,1,145,151,FALSE,NA,NA,NA,NA,NA,Free Agent,1.5,2,0,1,0,0.75
Andre Pallante,4109034,12,2,146,146,FALSE,NA,NA,NA,NA,NA,Free Agent,4.5,1,0,1,0,4.5
Brock Burke,39945,12,1,146,157,TRUE,NA,NA,NA,NA,NA,Free Agent,8.5,5,0,0,1,1.7
Gavin Sheets,40700,2,5,146,148,FALSE,NA,NA,NA,NA,NA,Free Agent,2,1,1,0,0,2
Heriberto Hernandez,42455,1,3,146,148,FALSE,NA,NA,NA,NA,NA,Free Agent,0.5,3,1,0,0,0.16666666666666666
Ildemaro Vargas,32985,5,3,146,157,FALSE,NA,NA,NA,NA,NA,Free Agent,11.5,10,1,0,0,1.15
Kevin Kelly,5001153,6,3,146,146,TRUE,NA,NA,NA,NA,NA,Free Agent,2,1,0,0,1,2
Martin Perez,31098,9,1,146,146,FALSE,NA,NA,NA,NA,NA,Free Agent,0,1,0,1,0,0
Masyn Winn,4683365,6,7,146,146,FALSE,NA,NA,NA,NA,NA,Free Agent,1.5,2,1,0,0,0.75
Matt McLain,4422899,6,1,146,155,FALSE,NA,NA,NA,NA,NA,Free Agent,14.5,7,1,0,0,2.0714285714285716
Mitch Bratt,5123768,1,0,146,146,FALSE,NA,NA,NA,NA,NA,Free Agent,-3,1,0,1,0,-3
Salvador Perez,31127,2,5,146,157,FALSE,NA,NA,NA,NA,NA,Free Agent,24,11,1,0,0,2.1818181818181817
Samuel Basallo,4917646,6,5,146,157,FALSE,NA,NA,NA,NA,NA,Free Agent,5,7,1,0,0,0.7142857142857143
Abimelec Ortiz,5194635,9,0,147,157,FALSE,NA,NA,NA,NA,NA,Free Agent,8,10,1,0,0,0.8
Alejandro Kirk,42081,14,2,147,157,FALSE,NA,NA,NA,NA,NA,Free Agent,18,4,1,0,0,4.5
Andres Munoz,40939,6,4,147,157,TRUE,NA,NA,NA,NA,NA,Free Agent,14,3,0,0,1,4.666666666666667
Ben Joyce,4867388,9,0,147,157,TRUE,NA,NA,NA,NA,NA,Free Agent,12,3,0,0,1,4
Bradgley Rodriguez,5266086,1,0,147,148,TRUE,NA,NA,NA,NA,NA,Free Agent,0,0,0,0,1,0
Christian Encarnacion-Strand,5012106,9,2,147,157,FALSE,NA,NA,NA,NA,NA,Free Agent,-0.5,2,1,0,0,-0.25
Erik Miller,4152950,12,1,147,157,TRUE,NA,NA,NA,NA,NA,Free Agent,14,3,0,0,1,4.666666666666667
Kyle Leahy,5006093,6,3,147,147,TRUE,NA,NA,NA,NA,NA,Free Agent,18,1,0,1,0,18
Austin Riley,34982,6,6,148,152,FALSE,7,73,NA,NA,NA,Free Agent,4,4,1,0,0,1
Jacob Lopez,42239,12,0,148,157,FALSE,NA,NA,NA,NA,NA,Free Agent,26.5,1,0,1,0,26.5
Seth Lugo,34873,4,10,148,148,FALSE,NA,NA,NA,NA,NA,Free Agent,3,1,0,1,0,3
Braden Montgomery,4950345,14,3,149,149,FALSE,NA,NA,NA,NA,NA,Free Agent,-0.5,1,1,0,0,-0.5
Brendan Donovan,41773,2,2,149,157,FALSE,13,152,NA,NA,NA,Free Agent,8,2,1,0,0,4
Brett Callahan,5273840,9,0,149,157,FALSE,NA,NA,NA,NA,NA,Free Agent,2.5,5,1,0,0,0.5
Cam Smith,5080766,4,7,149,153,FALSE,NA,NA,NA,NA,NA,Free Agent,1,4,1,0,0,0.25
Cedric Mullins,35578,14,1,149,157,FALSE,NA,NA,NA,NA,NA,Free Agent,3.5,6,1,0,0,0.5833333333333334
Drew Gilbert,4619467,14,0,149,152,FALSE,NA,NA,NA,NA,NA,Free Agent,4.5,3,1,0,0,1.5
Jeff McNeil,33900,1,3,149,157,FALSE,NA,NA,NA,NA,NA,Free Agent,12.5,6,1,0,0,2.0833333333333335
Joey Ortiz,42958,1,1,149,157,FALSE,NA,NA,NA,NA,NA,Free Agent,6,2,1,0,0,3
Rafael Flores Jr.,5131743,5,0,149,157,FALSE,NA,NA,NA,NA,NA,Free Agent,5.5,3,1,0,0,1.8333333333333333
Richie Palacios,41359,9,0,149,157,FALSE,NA,NA,NA,NA,NA,Free Agent,-2,5,1,0,0,-0.4
Cal Quantrill,39875,8,0,150,157,TRUE,NA,NA,NA,NA,NA,Free Agent,23,1,0,1,0,23
Jacob Young,4414210,12,4,150,157,FALSE,NA,NA,NA,NA,NA,Free Agent,0,0,1,0,0,0
Nick Sogard,42979,12,0,150,157,FALSE,NA,NA,NA,NA,NA,Free Agent,3.5,1,1,0,0,3.5
Paul Blackburn,32776,14,1,150,157,TRUE,NA,NA,NA,NA,NA,Free Agent,11,2,0,0,1,5.5
Brandon Young,4414339,2,7,151,151,FALSE,NA,NA,NA,NA,NA,Free Agent,8.5,1,0,1,0,8.5
George Klassen,5134517,9,0,151,157,FALSE,NA,NA,NA,NA,NA,Free Agent,8.5,1,0,1,0,8.5
Tyron Guerrero,33654,12,0,151,157,TRUE,NA,NA,NA,NA,NA,Free Agent,6.5,2,0,0,1,3.25
Andrew Abbott,4414528,2,10,152,157,FALSE,NA,NA,NA,NA,NA,Free Agent,8,1,0,1,0,8
Jo Adell,40854,11,3,152,157,FALSE,NA,NA,NA,NA,NA,Free Agent,9.5,5,1,0,0,1.9
Jordan Romano,36380,11,1,152,154,TRUE,NA,NA,NA,NA,NA,Free Agent,8.5,2,0,0,1,4.25
Kodai Senga,4142421,4,1,152,157,TRUE,NA,NA,NA,NA,NA,Free Agent,-2,1,0,0,1,-2
Kyle Leahy,5006093,8,4,152,157,TRUE,NA,NA,NA,NA,NA,Free Agent,13,1,0,1,0,13
Spencer Jones,4867424,11,4,152,157,FALSE,NA,NA,NA,NA,NA,Free Agent,7.5,4,1,0,0,1.875
Tyler Mahle,34973,2,2,152,157,FALSE,NA,NA,NA,NA,NA,Free Agent,9.5,1,0,1,0,9.5
Braden Montgomery,4950345,6,4,153,155,FALSE,NA,NA,NA,NA,NA,Free Agent,11.5,3,1,0,0,3.8333333333333335
David Peterson,40921,5,2,153,157,TRUE,NA,NA,NA,NA,NA,Free Agent,9,1,0,1,0,9
Jarren Duran,41610,4,2,153,157,FALSE,NA,NA,NA,NA,NA,Free Agent,11.5,4,1,0,0,2.875
Jose Urquidy,35759,5,0,153,157,TRUE,NA,NA,NA,NA,NA,Free Agent,-8,1,0,1,0,-8
Kyle Harrison,4683375,6,4,153,157,FALSE,NA,NA,NA,NA,NA,Free Agent,11.5,1,0,1,0,11.5
Michael King,40429,14,1,153,157,FALSE,10,115,NA,NA,NA,Free Agent,26.5,1,0,1,0,26.5
Sandy Alcantara,35241,14,1,153,157,FALSE,12,139,NA,NA,NA,Free Agent,23,1,0,1,0,23
Adrian Houser,32157,4,0,154,154,TRUE,NA,NA,NA,NA,NA,Free Agent,6,1,0,1,0,6
Andrew Painter,4872683,4,2,155,157,FALSE,NA,NA,NA,NA,NA,Free Agent,0,0,NA,NA,NA,0
Seranthony Dominguez,37793,11,1,155,157,TRUE,NA,NA,NA,NA,NA,Free Agent,0,0,NA,NA,NA,0
Austin Riley,34982,6,7,156,157,FALSE,7,73,NA,NA,NA,Free Agent,-1,1,1,0,0,-1
Daulton Varsho,40963,6,4,156,157,FALSE,NA,NA,NA,NA,NA,Free Agent,1,2,1,0,0,0.5
Sal Frelick,4417795,6,3,156,157,FALSE,NA,NA,NA,NA,NA,Free Agent,-1,2,1,0,0,-0.5
Walker Jenkins,5148963,4,0,157,157,FALSE,NA,NA,NA,NA,NA,Free Agent,0,1,1,0,0,0
