team_home,team_away,day_of_matchup,days_left,score_diff,starts_left_home,starts_left_away,start_advantage,win_prob,win_prob_lr
All That is Wright,Shrimp Fryed Bryce,0,14,0,11,11,0,0.6443677206513507,0.49786793224474063
FVOS Re-imagined,The Traveling Secretaries,0,14,0,11,11,0,0.4283785293271161,0.49786793224474063
Ketel Bells,The Novaks,0,14,0,11,11,0,0.5911402213284123,0.49786793224474063
Elly De La Snooze,Blasphemous Hot Takes,0,14,0,11,11,0,0.3026314384346151,0.49786793224474063
The West Bank Occupiers,The Talmudic Tunnelers,0,14,0,11,11,0,0.6260486810174705,0.49786793224474063
Mt. Everest Taquito Farmers,Skubal Divers,0,14,0,11,11,0,0.511036327231904,0.49786793224474063
