team_home,team_away,day_of_matchup,days_left,score_diff,starts_left_home,starts_left_away,start_advantage,win_prob,win_prob_lr
Ketel Bells,All That is Wright,0,14,0,16,16,0,0.5892225369111035,0.49786793224474063
The Traveling Secretaries,FVOS Re-imagined,0,14,0,16,16,0,0.5052883369742829,0.49786793224474063
Blasphemous Hot Takes,The West Bank Occupiers,0,14,0,16,16,0,0.6308894612669288,0.49786793224474063
The Novaks,Elly De La Snooze,0,14,0,16,16,0,0.5694747885937966,0.49786793224474063
Skubal Divers,The Talmudic Tunnelers,0,14,0,16,16,0,0.5065528084583949,0.49786793224474063
Shrimp Fried Bryce,Mt. Everest Taquito Farmers,0,14,0,16,16,0,0.4512847297820579,0.49786793224474063
