team_home,team_away,day_of_matchup,days_left,score_diff,starts_left_home,starts_left_away,start_advantage,win_prob,win_prob_lr
All That is Wright,The Novaks,0,14,0,11,11,0,0.5348447580539308,0.49786793224474063
The Traveling Secretaries,Blasphemous Hot Takes,0,14,0,11,11,0,0.41606310117536016,0.49786793224474063
Shrimp Fried Bryce,The Talmudic Tunnelers,0,14,0,11,11,0,0.5256894043378894,0.49786793224474063
FVOS Re-imagined,Skubal Divers,0,14,0,11,11,0,0.45629062930345793,0.49786793224474063
Ketel Bells,Mt. Everest Taquito Farmers,0,14,0,11,11,0,0.5928387502724467,0.49786793224474063
Elly De La Snooze,The West Bank Occupiers,0,14,0,11,11,0,0.37795038448386326,0.49786793224474063
