team_home,team_away,day_of_matchup,days_left,score_diff,starts_left_home,starts_left_away,start_advantage,win_prob,win_prob_lr
Ketel Bells,FVOS Re-imagined,0,14,0,16,16,0,0.6105890732669044,0.49786793224474063
All That is Wright,The Traveling Secretaries,0,14,0,16,16,0,0.4793604259926517,0.49786793224474063
Blasphemous Hot Takes,The Novaks,0,14,0,16,16,0,0.5673420313110076,0.49786793224474063
Skubal Divers,The West Bank Occupiers,0,14,0,16,16,0,0.5257796748453746,0.49786793224474063
Shrimp Fried Bryce,Elly De La Snooze,0,14,0,16,16,0,0.5135140967004558,0.49786793224474063
Mt. Everest Taquito Farmers,The Talmudic Tunnelers,0,14,0,16,16,0,0.5275626974675324,0.49786793224474063
