team_home,team_away,day_of_matchup,days_left,score_diff,starts_left_home,starts_left_away,start_advantage,win_prob,win_prob_lr
Burnes Notice,Blasphemous Hot Takes,0,14,0,16,16,0,0.4601232237694178,0.4980916406925082
The Talmudic Tunnelers,Ketel Bells,0,14,0,16,16,0,0.5285886324755668,0.4980916406925082
All That is Wright,Guts. Glory. JRam.,0,14,0,16,16,0,0.5784140717415424,0.4980916406925082
The Traveling Secretaries,Sac Fly by the Rook,0,14,0,16,16,0,0.5135105856271901,0.4980916406925082
The West Bank Occupiers,Mt. Everest Taquito Farmers,0,14,0,16,16,0,0.6045592428492462,0.4980916406925082
The Novaks,At Witt's End,0,14,0,16,16,0,0.6912005135673124,0.4980916406925082
