team_home,team_away,day_of_matchup,days_left,score_diff,starts_left_home,starts_left_away,start_advantage,win_prob,win_prob_lr
All That is Wright,Mt. Everest Taquito Farmers,0,14,0,11,11,0,0.6906632302354265,0.4980916406925082
The West Bank Occupiers,The Talmudic Tunnelers,0,14,0,11,11,0,0.4475763206524584,0.4980916406925082
The Traveling Secretaries,At Witt's End,0,14,0,11,11,0,0.5998168615184419,0.4980916406925082
Sac Fly by the Rook,Burnes Notice,0,14,0,11,11,0,0.3728134052993428,0.4980916406925082
Blasphemous Hot Takes,Ketel Bells,0,14,0,11,11,0,0.5608097757185742,0.4980916406925082
Guts. Glory. JRam.,The Novaks,0,14,0,11,11,0,0.4571510751756298,0.4980916406925082
